run_id,observation_id,epoch,global_step,q_number,metric_name,q_value,null_reason,classification_accuracy,balanced_accuracy,heldout_jepa_loss,curriculum
uniform_live_quality_seed7111473167050986645,live_epoch_0001,1,125,10,q10_weighted_shape_entropy,,degenerate_partition,0.4195,0.4195,0.0011213373318314551,uniform
uniform_live_quality_seed7111473167050986645,live_epoch_0002,2,250,10,q10_weighted_shape_entropy,,degenerate_partition,0.392,0.39199999999999996,0.0002901921896263957,uniform
uniform_live_quality_seed7111473167050986645,live_epoch_0003,3,375,10,q10_weighted_shape_entropy,-1.2989087113830307,,0.3995,0.39949999999999997,0.00012927067186683415,uniform
uniform_live_quality_seed7111473167050986645,live_epoch_0004,4,500,10,q10_weighted_shape_entropy,-1.2075870085868987,,0.4135,0.4135,0.00017340463353320956,uniform
uniform_live_quality_seed7111473167050986645,live_epoch_0005,5,625,10,q10_weighted_shape_entropy,-1.151508575861298,,0.414,0.414,7.838597777299583e-05,uniform
uniform_live_quality_seed7111473167050986645,live_epoch_0006,6,750,10,q10_weighted_shape_entropy,-1.138631221989609,,0.4175,0.4175,0.00013151315180584788,uniform
uniform_live_quality_seed7111473167050986645,live_epoch_0007,7,875,10,q10_weighted_shape_entropy,-1.0793200216800918,,0.4205,0.4205,6.605390808545053e-05,uniform
uniform_live_quality_seed7111473167050986645,live_epoch_0008,8,1000,10,q10_weighted_shape_entropy,-1.061143141038855,,0.431,0.43099999999999994,6.425896589644253e-05,uniform
uniform_live_quality_seed7111473167050986645,live_epoch_0009,9,1125,10,q10_weighted_shape_entropy,-1.0153159178128313,,0.4315,0.43149999999999994,6.084494199603796e-05,uniform
uniform_live_quality_seed7111473167050986645,live_epoch_0010,10,1250,10,q10_weighted_shape_entropy,-1.023156655134955,,0.428,0.428,5.844392580911517e-05,uniform
uniform_live_quality_seed7111473167050986645,live_epoch_0011,11,1375,10,q10_weighted_shape_entropy,-1.0138780091992121,,0.426,0.426,5.508617148734629e-05,uniform
uniform_live_quality_seed7111473167050986645,live_epoch_0012,12,1500,10,q10_weighted_shape_entropy,-1.035684745811175,,0.4355,0.43549999999999994,5.390474852174521e-05,uniform
uniform_live_quality_seed7111473167050986645,live_epoch_0013,13,1625,10,q10_weighted_shape_entropy,-1.01508761819225,,0.4365,0.43649999999999994,5.2589790197089315e-05,uniform
uniform_live_quality_seed7111473167050986645,live_epoch_0014,14,1750,10,q10_weighted_shape_entropy,-1.0244233896217971,,0.435,0.435,5.4997465573251245e-05,uniform
uniform_live_quality_seed7111473167050986645,live_epoch_0015,15,1875,10,q10_weighted_shape_entropy,-1.0531295085236638,,0.436,0.436,5.163274868391454e-05,uniform
uniform_live_quality_seed7111473167050986645,live_epoch_0016,16,2000,10,q10_weighted_shape_entropy,-1.0669625683651833,,0.4345,0.43449999999999994,5.3632036782801154e-05,uniform
uniform_live_quality_seed7111473167050986645,live_epoch_0017,17,2125,10,q10_weighted_shape_entropy,-1.0350308496881622,,0.431,0.431,5.503734084777534e-05,uniform
uniform_live_quality_seed7111473167050986645,live_epoch_0018,18,2250,10,q10_weighted_shape_entropy,-1.0479533638237861,,0.435,0.43499999999999994,5.960970651358366e-05,uniform
uniform_live_quality_seed7111473167050986645,live_epoch_0019,19,2375,10,q10_weighted_shape_entropy,-1.0935659028496119,,0.4325,0.4325,6.558159808628262e-05,uniform
uniform_live_quality_seed7111473167050986645,live_epoch_0020,20,2500,10,q10_weighted_shape_entropy,,degenerate_partition,0.433,0.433,7.839183881878853e-05,uniform
uniform_live_quality_seed7111473167050986645,live_epoch_0021,21,2625,10,q10_weighted_shape_entropy,-1.2969243153754761,,0.4255,0.4255,0.00010045370319858193,uniform
uniform_live_quality_seed7111473167050986645,live_epoch_0022,22,2750,10,q10_weighted_shape_entropy,-1.3276304954584601,,0.4255,0.4255,0.0001359921428374946,uniform
uniform_live_quality_seed7111473167050986645,live_epoch_0023,23,2875,10,q10_weighted_shape_entropy,,degenerate_partition,0.4115,0.4115,0.0002048513637855649,uniform
uniform_live_quality_seed7111473167050986645,live_epoch_0024,24,3000,10,q10_weighted_shape_entropy,,degenerate_partition,0.4005,0.40049999999999997,0.0010367267318069934,uniform
uniform_live_quality_seed7111473167050986645,live_epoch_0025,25,3125,10,q10_weighted_shape_entropy,,degenerate_partition,0.386,0.38599999999999995,0.003345674552023411,uniform
uniform_live_quality_seed7111473167050986645,live_epoch_0026,26,3250,10,q10_weighted_shape_entropy,,degenerate_partition,0.3985,0.3985,0.0060667493641376495,uniform
uniform_live_quality_seed7111473167050986645,live_epoch_0027,27,3375,10,q10_weighted_shape_entropy,,degenerate_partition,0.3695,0.36950000000000005,0.013429269298911094,uniform
uniform_live_quality_seed7111473167050986645,live_epoch_0028,28,3500,10,q10_weighted_shape_entropy,,degenerate_partition,0.358,0.358,0.03115568393468857,uniform
uniform_live_quality_seed7111473167050986645,live_epoch_0029,29,3625,10,q10_weighted_shape_entropy,,degenerate_partition,0.3425,0.3425,0.056627493262290954,uniform
uniform_live_quality_seed7111473167050986645,live_epoch_0030,30,3750,10,q10_weighted_shape_entropy,,degenerate_partition,0.3635,0.3635,0.09948172736167908,uniform
uniform_live_quality_seed7111473167050986645,live_epoch_0031,31,3875,10,q10_weighted_shape_entropy,-1.1958089622544912,,0.3955,0.39549999999999996,0.1050968461036682,uniform
uniform_live_quality_seed7111473167050986645,live_epoch_0032,32,4000,10,q10_weighted_shape_entropy,-1.1432028863372259,,0.393,0.393,0.12442151761054993,uniform
uniform_live_quality_seed7111473167050986645,live_epoch_0033,33,4125,10,q10_weighted_shape_entropy,,degenerate_partition,0.395,0.395,0.10571711552143097,uniform
uniform_live_quality_seed7111473167050986645,live_epoch_0034,34,4250,10,q10_weighted_shape_entropy,-1.092142412962142,,0.401,0.401,0.11233610916137696,uniform
uniform_live_quality_seed7111473167050986645,live_epoch_0035,35,4375,10,q10_weighted_shape_entropy,,degenerate_partition,0.3975,0.3975,0.11043914377689362,uniform
uniform_live_quality_seed7111473167050986645,live_epoch_0036,36,4500,10,q10_weighted_shape_entropy,,degenerate_partition,0.3965,0.3965,0.10376330041885376,uniform
uniform_live_quality_seed7111473167050986645,live_epoch_0037,37,4625,10,q10_weighted_shape_entropy,-0.996485432462171,,0.421,0.421,0.1082879683971405,uniform
uniform_live_quality_seed7111473167050986645,live_epoch_0038,38,4750,10,q10_weighted_shape_entropy,-0.93590661284835,,0.42,0.42,0.10512582957744598,uniform
uniform_live_quality_seed7111473167050986645,live_epoch_0039,39,4875,10,q10_weighted_shape_entropy,,degenerate_partition,0.4345,0.43450000000000005,0.10733225798606873,uniform
uniform_live_quality_seed7111473167050986645,live_epoch_0040,40,5000,10,q10_weighted_shape_entropy,-0.898085438270001,,0.426,0.42600000000000005,0.10427827513217926,uniform
uniform_live_quality_seed7111473167050986645,live_epoch_0041,41,5125,10,q10_weighted_shape_entropy,-0.8388996192712894,,0.4255,0.4255,0.09806675982475281,uniform
uniform_live_quality_seed7111473167050986645,live_epoch_0042,42,5250,10,q10_weighted_shape_entropy,-0.7614342468138193,,0.44,0.44,0.09902878022193909,uniform
uniform_live_quality_seed7111473167050986645,live_epoch_0043,43,5375,10,q10_weighted_shape_entropy,-0.6633364592716604,,0.459,0.459,0.09427746748924255,uniform
uniform_live_quality_seed7111473167050986645,live_epoch_0044,44,5500,10,q10_weighted_shape_entropy,-0.6264655695830355,,0.44,0.44,0.09379401409626006,uniform
uniform_live_quality_seed7111473167050986645,live_epoch_0045,45,5625,10,q10_weighted_shape_entropy,-0.5688787345999013,,0.444,0.444,0.09166138148307801,uniform
uniform_live_quality_seed7111473167050986645,live_epoch_0046,46,5750,10,q10_weighted_shape_entropy,-0.5344298554954903,,0.435,0.43500000000000005,0.09129389607906342,uniform
uniform_live_quality_seed7111473167050986645,live_epoch_0047,47,5875,10,q10_weighted_shape_entropy,-0.5522602992223828,,0.4405,0.4405,0.09181567740440369,uniform
uniform_live_quality_seed7111473167050986645,live_epoch_0048,48,6000,10,q10_weighted_shape_entropy,-0.5911720297323136,,0.424,0.424,0.09308186984062194,uniform
uniform_live_quality_seed7111473167050986645,live_epoch_0049,49,6125,10,q10_weighted_shape_entropy,-0.5421839270004445,,0.433,0.433,0.09291269564628601,uniform
uniform_live_quality_seed7111473167050986645,live_epoch_0050,50,6250,10,q10_weighted_shape_entropy,-0.5324056724637316,,0.4425,0.4425,0.09371004223823548,uniform
uniform_live_quality_seed7111473167050986645,live_epoch_0051,51,6375,10,q10_weighted_shape_entropy,-0.5628995804711375,,0.428,0.42800000000000005,0.09500530290603637,uniform
uniform_live_quality_seed7111473167050986645,live_epoch_0052,52,6500,10,q10_weighted_shape_entropy,-0.48407294699923986,,0.427,0.42699999999999994,0.09625404715538025,uniform
uniform_live_quality_seed7111473167050986645,live_epoch_0053,53,6625,10,q10_weighted_shape_entropy,-0.48129918215784584,,0.4405,0.4405,0.09607635998725891,uniform
uniform_live_quality_seed7111473167050986645,live_epoch_0054,54,6750,10,q10_weighted_shape_entropy,-0.409805642134755,,0.4445,0.4445,0.09568634295463561,uniform
uniform_live_quality_seed7111473167050986645,live_epoch_0055,55,6875,10,q10_weighted_shape_entropy,-0.40677410721535306,,0.439,0.43899999999999995,0.10051087927818299,uniform
uniform_live_quality_seed7111473167050986645,live_epoch_0056,56,7000,10,q10_weighted_shape_entropy,-0.43432966234889436,,0.433,0.43299999999999994,0.10100525164604188,uniform
uniform_live_quality_seed7111473167050986645,live_epoch_0057,57,7125,10,q10_weighted_shape_entropy,-0.3965192507193973,,0.4285,0.4285,0.1013157913684845,uniform
uniform_live_quality_seed7111473167050986645,live_epoch_0058,58,7250,10,q10_weighted_shape_entropy,-0.35340568305246456,,0.443,0.44299999999999995,0.10295857286453247,uniform
uniform_live_quality_seed7111473167050986645,live_epoch_0059,59,7375,10,q10_weighted_shape_entropy,-0.3966086156172379,,0.4495,0.4495,0.10294777154922485,uniform
uniform_live_quality_seed7111473167050986645,live_epoch_0060,60,7500,10,q10_weighted_shape_entropy,-0.36047646106610887,,0.469,0.469,0.10535053825378418,uniform
uniform_live_quality_seed7111473167050986645,live_epoch_0061,61,7625,10,q10_weighted_shape_entropy,-0.36389542279002784,,0.4775,0.47750000000000004,0.10395824193954467,uniform
uniform_live_quality_seed7111473167050986645,live_epoch_0062,62,7750,10,q10_weighted_shape_entropy,-0.3346721359595903,,0.5045,0.5045000000000001,0.10320230007171631,uniform
uniform_live_quality_seed7111473167050986645,live_epoch_0063,63,7875,10,q10_weighted_shape_entropy,-0.2860892156457665,,0.4955,0.49550000000000005,0.10549554944038392,uniform
uniform_live_quality_seed7111473167050986645,live_epoch_0064,64,8000,10,q10_weighted_shape_entropy,-0.263171485477077,,0.5045,0.5045,0.10387999415397645,uniform
uniform_live_quality_seed7111473167050986645,live_epoch_0065,65,8125,10,q10_weighted_shape_entropy,-0.28188596915745573,,0.503,0.503,0.10445783424377442,uniform
uniform_live_quality_seed7111473167050986645,live_epoch_0066,66,8250,10,q10_weighted_shape_entropy,-0.2647300333874986,,0.5095,0.5095000000000001,0.10450446462631226,uniform
uniform_live_quality_seed7111473167050986645,live_epoch_0067,67,8375,10,q10_weighted_shape_entropy,-0.2741579746226401,,0.5165,0.5165,0.10628911423683167,uniform
uniform_live_quality_seed7111473167050986645,live_epoch_0068,68,8500,10,q10_weighted_shape_entropy,-0.26138530980845004,,0.509,0.509,0.10491162157058716,uniform
uniform_live_quality_seed7111473167050986645,live_epoch_0069,69,8625,10,q10_weighted_shape_entropy,-0.26506883666021397,,0.5165,0.5165,0.10478554248809814,uniform
uniform_live_quality_seed7111473167050986645,live_epoch_0070,70,8750,10,q10_weighted_shape_entropy,-0.3038542001291806,,0.526,0.526,0.10515108442306519,uniform
uniform_live_quality_seed7111473167050986645,live_epoch_0071,71,8875,10,q10_weighted_shape_entropy,-0.24013644062297576,,0.532,0.532,0.10542909002304077,uniform
uniform_live_quality_seed7111473167050986645,live_epoch_0072,72,9000,10,q10_weighted_shape_entropy,-0.40735925728131683,,0.547,0.5469999999999999,0.10938835644721985,uniform
uniform_live_quality_seed7111473167050986645,live_epoch_0073,73,9125,10,q10_weighted_shape_entropy,-0.23108046771623297,,0.53,0.53,0.10520164799690247,uniform
uniform_live_quality_seed7111473167050986645,live_epoch_0074,74,9250,10,q10_weighted_shape_entropy,-0.30735592839862463,,0.541,0.5409999999999999,0.1059716911315918,uniform
uniform_live_quality_seed7111473167050986645,live_epoch_0075,75,9375,10,q10_weighted_shape_entropy,-0.34873631346768974,,0.5585,0.5585,0.10875931549072265,uniform
uniform_live_quality_seed7111473167050986645,live_epoch_0076,76,9500,10,q10_weighted_shape_entropy,-0.372494915623723,,0.5575,0.5575,0.10576828289031982,uniform
uniform_live_quality_seed7111473167050986645,live_epoch_0077,77,9625,10,q10_weighted_shape_entropy,-0.32428135628666865,,0.5525,0.5525,0.10509442782402038,uniform
uniform_live_quality_seed7111473167050986645,live_epoch_0078,78,9750,10,q10_weighted_shape_entropy,-0.33583545740076465,,0.5555,0.5555,0.10417660427093506,uniform
uniform_live_quality_seed7111473167050986645,live_epoch_0079,79,9875,10,q10_weighted_shape_entropy,-0.3490692856785068,,0.558,0.558,0.10485398697853088,uniform
uniform_live_quality_seed7111473167050986645,live_epoch_0080,80,10000,10,q10_weighted_shape_entropy,-0.32239701679616106,,0.5555,0.5555,0.10604727077484132,uniform
uniform_live_quality_seed7111473167050986645,live_epoch_0081,81,10125,10,q10_weighted_shape_entropy,-0.3168847437352972,,0.562,0.562,0.10598238253593445,uniform
uniform_live_quality_seed7111473167050986645,live_epoch_0082,82,10250,10,q10_weighted_shape_entropy,-0.29923017775189265,,0.551,0.5509999999999999,0.10721569752693176,uniform
uniform_live_quality_seed7111473167050986645,live_epoch_0083,83,10375,10,q10_weighted_shape_entropy,-0.32855319451912296,,0.5525,0.5525,0.10503653478622436,uniform
uniform_live_quality_seed7111473167050986645,live_epoch_0084,84,10500,10,q10_weighted_shape_entropy,-0.31757801118762463,,0.5535,0.5535,0.10542078185081481,uniform
uniform_live_quality_seed7111473167050986645,live_epoch_0085,85,10625,10,q10_weighted_shape_entropy,-0.31464419503023666,,0.573,0.573,0.10830363798141479,uniform
uniform_live_quality_seed7111473167050986645,live_epoch_0086,86,10750,10,q10_weighted_shape_entropy,-0.31763068744524686,,0.5655,0.5655000000000001,0.10777672719955445,uniform
uniform_live_quality_seed7111473167050986645,live_epoch_0087,87,10875,10,q10_weighted_shape_entropy,-0.299796455729754,,0.561,0.561,0.10287943577766419,uniform
uniform_live_quality_seed7111473167050986645,live_epoch_0088,88,11000,10,q10_weighted_shape_entropy,-0.27981641666163454,,0.5735,0.5735,0.10605844211578369,uniform
uniform_live_quality_seed7111473167050986645,live_epoch_0089,89,11125,10,q10_weighted_shape_entropy,-0.2934038415703816,,0.566,0.566,0.1059640610218048,uniform
uniform_live_quality_seed7111473167050986645,live_epoch_0090,90,11250,10,q10_weighted_shape_entropy,-0.29814779790931756,,0.5845,0.5845,0.10424339008331299,uniform
uniform_live_quality_seed7111473167050986645,live_epoch_0091,91,11375,10,q10_weighted_shape_entropy,-0.29266514899218127,,0.579,0.579,0.10716842889785766,uniform
uniform_live_quality_seed7111473167050986645,live_epoch_0092,92,11500,10,q10_weighted_shape_entropy,-0.28338387158993167,,0.5925,0.5925,0.10801207733154297,uniform
uniform_live_quality_seed7111473167050986645,live_epoch_0093,93,11625,10,q10_weighted_shape_entropy,-0.26794643344164576,,0.564,0.5640000000000001,0.1052492790222168,uniform
uniform_live_quality_seed7111473167050986645,live_epoch_0094,94,11750,10,q10_weighted_shape_entropy,-0.28366494846117546,,0.59,0.59,0.10582787275314331,uniform
uniform_live_quality_seed7111473167050986645,live_epoch_0095,95,11875,10,q10_weighted_shape_entropy,-0.2867735943185392,,0.5915,0.5915,0.10494300127029418,uniform
uniform_live_quality_seed7111473167050986645,live_epoch_0096,96,12000,10,q10_weighted_shape_entropy,-0.2726681397978833,,0.604,0.604,0.10446972298622131,uniform
uniform_live_quality_seed7111473167050986645,live_epoch_0097,97,12125,10,q10_weighted_shape_entropy,-0.2828838250735449,,0.608,0.608,0.10413691973686218,uniform
uniform_live_quality_seed7111473167050986645,live_epoch_0098,98,12250,10,q10_weighted_shape_entropy,-0.2924684934709958,,0.615,0.615,0.10516011047363281,uniform
uniform_live_quality_seed7111473167050986645,live_epoch_0099,99,12375,10,q10_weighted_shape_entropy,-0.2837006624504619,,0.613,0.613,0.10320265579223632,uniform
uniform_live_quality_seed7111473167050986645,live_epoch_0100,100,12500,10,q10_weighted_shape_entropy,-0.2481217173232808,,0.6235,0.6234999999999999,0.10917238426208496,uniform
uniform_live_quality_seed7111473167050986645,live_epoch_0001,1,125,11,q11_cross_subspace_gaussian_mi,,degenerate_partition,0.4195,0.4195,0.0011213373318314551,uniform
uniform_live_quality_seed7111473167050986645,live_epoch_0002,2,250,11,q11_cross_subspace_gaussian_mi,,degenerate_partition,0.392,0.39199999999999996,0.0002901921896263957,uniform
uniform_live_quality_seed7111473167050986645,live_epoch_0003,3,375,11,q11_cross_subspace_gaussian_mi,0.1991465045227511,,0.3995,0.39949999999999997,0.00012927067186683415,uniform
uniform_live_quality_seed7111473167050986645,live_epoch_0004,4,500,11,q11_cross_subspace_gaussian_mi,0.23944232988541625,,0.4135,0.4135,0.00017340463353320956,uniform
uniform_live_quality_seed7111473167050986645,live_epoch_0005,5,625,11,q11_cross_subspace_gaussian_mi,0.2489917951370444,,0.414,0.414,7.838597777299583e-05,uniform
uniform_live_quality_seed7111473167050986645,live_epoch_0006,6,750,11,q11_cross_subspace_gaussian_mi,0.27119350102879675,,0.4175,0.4175,0.00013151315180584788,uniform
uniform_live_quality_seed7111473167050986645,live_epoch_0007,7,875,11,q11_cross_subspace_gaussian_mi,0.2864198866405167,,0.4205,0.4205,6.605390808545053e-05,uniform
uniform_live_quality_seed7111473167050986645,live_epoch_0008,8,1000,11,q11_cross_subspace_gaussian_mi,0.2741801089084171,,0.431,0.43099999999999994,6.425896589644253e-05,uniform
uniform_live_quality_seed7111473167050986645,live_epoch_0009,9,1125,11,q11_cross_subspace_gaussian_mi,0.27772253100298955,,0.4315,0.43149999999999994,6.084494199603796e-05,uniform
uniform_live_quality_seed7111473167050986645,live_epoch_0010,10,1250,11,q11_cross_subspace_gaussian_mi,0.2694096967931892,,0.428,0.428,5.844392580911517e-05,uniform
uniform_live_quality_seed7111473167050986645,live_epoch_0011,11,1375,11,q11_cross_subspace_gaussian_mi,0.27041710507987354,,0.426,0.426,5.508617148734629e-05,uniform
uniform_live_quality_seed7111473167050986645,live_epoch_0012,12,1500,11,q11_cross_subspace_gaussian_mi,0.26250413686102575,,0.4355,0.43549999999999994,5.390474852174521e-05,uniform
uniform_live_quality_seed7111473167050986645,live_epoch_0013,13,1625,11,q11_cross_subspace_gaussian_mi,0.2669575792112037,,0.4365,0.43649999999999994,5.2589790197089315e-05,uniform
uniform_live_quality_seed7111473167050986645,live_epoch_0014,14,1750,11,q11_cross_subspace_gaussian_mi,0.27440655390707774,,0.435,0.435,5.4997465573251245e-05,uniform
uniform_live_quality_seed7111473167050986645,live_epoch_0015,15,1875,11,q11_cross_subspace_gaussian_mi,0.2691716170106752,,0.436,0.436,5.163274868391454e-05,uniform
uniform_live_quality_seed7111473167050986645,live_epoch_0016,16,2000,11,q11_cross_subspace_gaussian_mi,0.2524749960391756,,0.4345,0.43449999999999994,5.3632036782801154e-05,uniform
uniform_live_quality_seed7111473167050986645,live_epoch_0017,17,2125,11,q11_cross_subspace_gaussian_mi,0.20843269861606828,,0.431,0.431,5.503734084777534e-05,uniform
uniform_live_quality_seed7111473167050986645,live_epoch_0018,18,2250,11,q11_cross_subspace_gaussian_mi,0.19077769755069696,,0.435,0.43499999999999994,5.960970651358366e-05,uniform
uniform_live_quality_seed7111473167050986645,live_epoch_0019,19,2375,11,q11_cross_subspace_gaussian_mi,0.17908741219803423,,0.4325,0.4325,6.558159808628262e-05,uniform
uniform_live_quality_seed7111473167050986645,live_epoch_0020,20,2500,11,q11_cross_subspace_gaussian_mi,,degenerate_partition,0.433,0.433,7.839183881878853e-05,uniform
uniform_live_quality_seed7111473167050986645,live_epoch_0021,21,2625,11,q11_cross_subspace_gaussian_mi,0.2574719458255137,,0.4255,0.4255,0.00010045370319858193,uniform
uniform_live_quality_seed7111473167050986645,live_epoch_0022,22,2750,11,q11_cross_subspace_gaussian_mi,0.34095761156963444,,0.4255,0.4255,0.0001359921428374946,uniform
uniform_live_quality_seed7111473167050986645,live_epoch_0023,23,2875,11,q11_cross_subspace_gaussian_mi,,degenerate_partition,0.4115,0.4115,0.0002048513637855649,uniform
uniform_live_quality_seed7111473167050986645,live_epoch_0024,24,3000,11,q11_cross_subspace_gaussian_mi,,degenerate_partition,0.4005,0.40049999999999997,0.0010367267318069934,uniform
uniform_live_quality_seed7111473167050986645,live_epoch_0025,25,3125,11,q11_cross_subspace_gaussian_mi,,degenerate_partition,0.386,0.38599999999999995,0.003345674552023411,uniform
uniform_live_quality_seed7111473167050986645,live_epoch_0026,26,3250,11,q11_cross_subspace_gaussian_mi,,degenerate_partition,0.3985,0.3985,0.0060667493641376495,uniform
uniform_live_quality_seed7111473167050986645,live_epoch_0027,27,3375,11,q11_cross_subspace_gaussian_mi,,degenerate_partition,0.3695,0.36950000000000005,0.013429269298911094,uniform
uniform_live_quality_seed7111473167050986645,live_epoch_0028,28,3500,11,q11_cross_subspace_gaussian_mi,,degenerate_partition,0.358,0.358,0.03115568393468857,uniform
uniform_live_quality_seed7111473167050986645,live_epoch_0029,29,3625,11,q11_cross_subspace_gaussian_mi,,degenerate_partition,0.3425,0.3425,0.056627493262290954,uniform
uniform_live_quality_seed7111473167050986645,live_epoch_0030,30,3750,11,q11_cross_subspace_gaussian_mi,,degenerate_partition,0.3635,0.3635,0.09948172736167908,uniform
uniform_live_quality_seed7111473167050986645,live_epoch_0031,31,3875,11,q11_cross_subspace_gaussian_mi,0.5043810565157941,,0.3955,0.39549999999999996,0.1050968461036682,uniform
uniform_live_quality_seed7111473167050986645,live_epoch_0032,32,4000,11,q11_cross_subspace_gaussian_mi,0.6475118525427158,,0.393,0.393,0.12442151761054993,uniform
uniform_live_quality_seed7111473167050986645,live_epoch_0033,33,4125,11,q11_cross_subspace_gaussian_mi,,degenerate_partition,0.395,0.395,0.10571711552143097,uniform
uniform_live_quality_seed7111473167050986645,live_epoch_0034,34,4250,11,q11_cross_subspace_gaussian_mi,0.5227166892463284,,0.401,0.401,0.11233610916137696,uniform
uniform_live_quality_seed7111473167050986645,live_epoch_0035,35,4375,11,q11_cross_subspace_gaussian_mi,,degenerate_partition,0.3975,0.3975,0.11043914377689362,uniform
uniform_live_quality_seed7111473167050986645,live_epoch_0036,36,4500,11,q11_cross_subspace_gaussian_mi,,degenerate_partition,0.3965,0.3965,0.10376330041885376,uniform
uniform_live_quality_seed7111473167050986645,live_epoch_0037,37,4625,11,q11_cross_subspace_gaussian_mi,0.377954597540709,,0.421,0.421,0.1082879683971405,uniform
uniform_live_quality_seed7111473167050986645,live_epoch_0038,38,4750,11,q11_cross_subspace_gaussian_mi,0.4573137418849411,,0.42,0.42,0.10512582957744598,uniform
uniform_live_quality_seed7111473167050986645,live_epoch_0039,39,4875,11,q11_cross_subspace_gaussian_mi,,degenerate_partition,0.4345,0.43450000000000005,0.10733225798606873,uniform
uniform_live_quality_seed7111473167050986645,live_epoch_0040,40,5000,11,q11_cross_subspace_gaussian_mi,0.43755313097908743,,0.426,0.42600000000000005,0.10427827513217926,uniform
uniform_live_quality_seed7111473167050986645,live_epoch_0041,41,5125,11,q11_cross_subspace_gaussian_mi,0.5047636710756878,,0.4255,0.4255,0.09806675982475281,uniform
uniform_live_quality_seed7111473167050986645,live_epoch_0042,42,5250,11,q11_cross_subspace_gaussian_mi,0.5986794228030001,,0.44,0.44,0.09902878022193909,uniform
uniform_live_quality_seed7111473167050986645,live_epoch_0043,43,5375,11,q11_cross_subspace_gaussian_mi,0.5433899288412674,,0.459,0.459,0.09427746748924255,uniform
uniform_live_quality_seed7111473167050986645,live_epoch_0044,44,5500,11,q11_cross_subspace_gaussian_mi,0.5095807200222594,,0.44,0.44,0.09379401409626006,uniform
uniform_live_quality_seed7111473167050986645,live_epoch_0045,45,5625,11,q11_cross_subspace_gaussian_mi,0.4907378238365712,,0.444,0.444,0.09166138148307801,uniform
uniform_live_quality_seed7111473167050986645,live_epoch_0046,46,5750,11,q11_cross_subspace_gaussian_mi,0.537519240415041,,0.435,0.43500000000000005,0.09129389607906342,uniform
uniform_live_quality_seed7111473167050986645,live_epoch_0047,47,5875,11,q11_cross_subspace_gaussian_mi,0.5259038401076147,,0.4405,0.4405,0.09181567740440369,uniform
uniform_live_quality_seed7111473167050986645,live_epoch_0048,48,6000,11,q11_cross_subspace_gaussian_mi,0.48056585788864825,,0.424,0.424,0.09308186984062194,uniform
uniform_live_quality_seed7111473167050986645,live_epoch_0049,49,6125,11,q11_cross_subspace_gaussian_mi,0.4797949141981068,,0.433,0.433,0.09291269564628601,uniform
uniform_live_quality_seed7111473167050986645,live_epoch_0050,50,6250,11,q11_cross_subspace_gaussian_mi,0.4639827423591081,,0.4425,0.4425,0.09371004223823548,uniform
uniform_live_quality_seed7111473167050986645,live_epoch_0051,51,6375,11,q11_cross_subspace_gaussian_mi,0.46818817899515497,,0.428,0.42800000000000005,0.09500530290603637,uniform
uniform_live_quality_seed7111473167050986645,live_epoch_0052,52,6500,11,q11_cross_subspace_gaussian_mi,0.45206862271551024,,0.427,0.42699999999999994,0.09625404715538025,uniform
uniform_live_quality_seed7111473167050986645,live_epoch_0053,53,6625,11,q11_cross_subspace_gaussian_mi,0.45593001043790443,,0.4405,0.4405,0.09607635998725891,uniform
uniform_live_quality_seed7111473167050986645,live_epoch_0054,54,6750,11,q11_cross_subspace_gaussian_mi,0.4512212498992154,,0.4445,0.4445,0.09568634295463561,uniform
uniform_live_quality_seed7111473167050986645,live_epoch_0055,55,6875,11,q11_cross_subspace_gaussian_mi,0.45597328185069547,,0.439,0.43899999999999995,0.10051087927818299,uniform
uniform_live_quality_seed7111473167050986645,live_epoch_0056,56,7000,11,q11_cross_subspace_gaussian_mi,0.4128856267795351,,0.433,0.43299999999999994,0.10100525164604188,uniform
uniform_live_quality_seed7111473167050986645,live_epoch_0057,57,7125,11,q11_cross_subspace_gaussian_mi,0.37816959512033255,,0.4285,0.4285,0.1013157913684845,uniform
uniform_live_quality_seed7111473167050986645,live_epoch_0058,58,7250,11,q11_cross_subspace_gaussian_mi,0.3862418362445313,,0.443,0.44299999999999995,0.10295857286453247,uniform
uniform_live_quality_seed7111473167050986645,live_epoch_0059,59,7375,11,q11_cross_subspace_gaussian_mi,0.39514292272312423,,0.4495,0.4495,0.10294777154922485,uniform
uniform_live_quality_seed7111473167050986645,live_epoch_0060,60,7500,11,q11_cross_subspace_gaussian_mi,0.37208312501956947,,0.469,0.469,0.10535053825378418,uniform
uniform_live_quality_seed7111473167050986645,live_epoch_0061,61,7625,11,q11_cross_subspace_gaussian_mi,0.38707295959524884,,0.4775,0.47750000000000004,0.10395824193954467,uniform
uniform_live_quality_seed7111473167050986645,live_epoch_0062,62,7750,11,q11_cross_subspace_gaussian_mi,0.3911418763122622,,0.5045,0.5045000000000001,0.10320230007171631,uniform
uniform_live_quality_seed7111473167050986645,live_epoch_0063,63,7875,11,q11_cross_subspace_gaussian_mi,0.3615551267877632,,0.4955,0.49550000000000005,0.10549554944038392,uniform
uniform_live_quality_seed7111473167050986645,live_epoch_0064,64,8000,11,q11_cross_subspace_gaussian_mi,0.3666359175249707,,0.5045,0.5045,0.10387999415397645,uniform
uniform_live_quality_seed7111473167050986645,live_epoch_0065,65,8125,11,q11_cross_subspace_gaussian_mi,0.37618172820829326,,0.503,0.503,0.10445783424377442,uniform
uniform_live_quality_seed7111473167050986645,live_epoch_0066,66,8250,11,q11_cross_subspace_gaussian_mi,0.3672612905658226,,0.5095,0.5095000000000001,0.10450446462631226,uniform
uniform_live_quality_seed7111473167050986645,live_epoch_0067,67,8375,11,q11_cross_subspace_gaussian_mi,0.3875799953210628,,0.5165,0.5165,0.10628911423683167,uniform
uniform_live_quality_seed7111473167050986645,live_epoch_0068,68,8500,11,q11_cross_subspace_gaussian_mi,0.36579029936130936,,0.509,0.509,0.10491162157058716,uniform
uniform_live_quality_seed7111473167050986645,live_epoch_0069,69,8625,11,q11_cross_subspace_gaussian_mi,0.3591334725112018,,0.5165,0.5165,0.10478554248809814,uniform
uniform_live_quality_seed7111473167050986645,live_epoch_0070,70,8750,11,q11_cross_subspace_gaussian_mi,0.3592043550119663,,0.526,0.526,0.10515108442306519,uniform
uniform_live_quality_seed7111473167050986645,live_epoch_0071,71,8875,11,q11_cross_subspace_gaussian_mi,0.3497089183823123,,0.532,0.532,0.10542909002304077,uniform
uniform_live_quality_seed7111473167050986645,live_epoch_0072,72,9000,11,q11_cross_subspace_gaussian_mi,0.32096772358610587,,0.547,0.5469999999999999,0.10938835644721985,uniform
uniform_live_quality_seed7111473167050986645,live_epoch_0073,73,9125,11,q11_cross_subspace_gaussian_mi,0.3552732205111471,,0.53,0.53,0.10520164799690247,uniform
uniform_live_quality_seed7111473167050986645,live_epoch_0074,74,9250,11,q11_cross_subspace_gaussian_mi,0.37480294993595126,,0.541,0.5409999999999999,0.1059716911315918,uniform
uniform_live_quality_seed7111473167050986645,live_epoch_0075,75,9375,11,q11_cross_subspace_gaussian_mi,0.3739539828471174,,0.5585,0.5585,0.10875931549072265,uniform
uniform_live_quality_seed7111473167050986645,live_epoch_0076,76,9500,11,q11_cross_subspace_gaussian_mi,0.3659194485677401,,0.5575,0.5575,0.10576828289031982,uniform
uniform_live_quality_seed7111473167050986645,live_epoch_0077,77,9625,11,q11_cross_subspace_gaussian_mi,0.3589948389086431,,0.5525,0.5525,0.10509442782402038,uniform
uniform_live_quality_seed7111473167050986645,live_epoch_0078,78,9750,11,q11_cross_subspace_gaussian_mi,0.375694115444404,,0.5555,0.5555,0.10417660427093506,uniform
uniform_live_quality_seed7111473167050986645,live_epoch_0079,79,9875,11,q11_cross_subspace_gaussian_mi,0.3667166689728483,,0.558,0.558,0.10485398697853088,uniform
uniform_live_quality_seed7111473167050986645,live_epoch_0080,80,10000,11,q11_cross_subspace_gaussian_mi,0.34414504776920457,,0.5555,0.5555,0.10604727077484132,uniform
uniform_live_quality_seed7111473167050986645,live_epoch_0081,81,10125,11,q11_cross_subspace_gaussian_mi,0.3663595243820108,,0.562,0.562,0.10598238253593445,uniform
uniform_live_quality_seed7111473167050986645,live_epoch_0082,82,10250,11,q11_cross_subspace_gaussian_mi,0.35901081693547043,,0.551,0.5509999999999999,0.10721569752693176,uniform
uniform_live_quality_seed7111473167050986645,live_epoch_0083,83,10375,11,q11_cross_subspace_gaussian_mi,0.32082489570291434,,0.5525,0.5525,0.10503653478622436,uniform
uniform_live_quality_seed7111473167050986645,live_epoch_0084,84,10500,11,q11_cross_subspace_gaussian_mi,0.3289295679929383,,0.5535,0.5535,0.10542078185081481,uniform
uniform_live_quality_seed7111473167050986645,live_epoch_0085,85,10625,11,q11_cross_subspace_gaussian_mi,0.2707965628729947,,0.573,0.573,0.10830363798141479,uniform
uniform_live_quality_seed7111473167050986645,live_epoch_0086,86,10750,11,q11_cross_subspace_gaussian_mi,0.30082638372562015,,0.5655,0.5655000000000001,0.10777672719955445,uniform
uniform_live_quality_seed7111473167050986645,live_epoch_0087,87,10875,11,q11_cross_subspace_gaussian_mi,0.3339324753733077,,0.561,0.561,0.10287943577766419,uniform
uniform_live_quality_seed7111473167050986645,live_epoch_0088,88,11000,11,q11_cross_subspace_gaussian_mi,0.2892615763157349,,0.5735,0.5735,0.10605844211578369,uniform
uniform_live_quality_seed7111473167050986645,live_epoch_0089,89,11125,11,q11_cross_subspace_gaussian_mi,0.29990707129629224,,0.566,0.566,0.1059640610218048,uniform
uniform_live_quality_seed7111473167050986645,live_epoch_0090,90,11250,11,q11_cross_subspace_gaussian_mi,0.3036208969474344,,0.5845,0.5845,0.10424339008331299,uniform
uniform_live_quality_seed7111473167050986645,live_epoch_0091,91,11375,11,q11_cross_subspace_gaussian_mi,0.30014342352885287,,0.579,0.579,0.10716842889785766,uniform
uniform_live_quality_seed7111473167050986645,live_epoch_0092,92,11500,11,q11_cross_subspace_gaussian_mi,0.2777387974883774,,0.5925,0.5925,0.10801207733154297,uniform
uniform_live_quality_seed7111473167050986645,live_epoch_0093,93,11625,11,q11_cross_subspace_gaussian_mi,0.30126951969326615,,0.564,0.5640000000000001,0.1052492790222168,uniform
uniform_live_quality_seed7111473167050986645,live_epoch_0094,94,11750,11,q11_cross_subspace_gaussian_mi,0.2997302468713862,,0.59,0.59,0.10582787275314331,uniform
uniform_live_quality_seed7111473167050986645,live_epoch_0095,95,11875,11,q11_cross_subspace_gaussian_mi,0.28390543099507864,,0.5915,0.5915,0.10494300127029418,uniform
uniform_live_quality_seed7111473167050986645,live_epoch_0096,96,12000,11,q11_cross_subspace_gaussian_mi,0.2751451902236261,,0.604,0.604,0.10446972298622131,uniform
uniform_live_quality_seed7111473167050986645,live_epoch_0097,97,12125,11,q11_cross_subspace_gaussian_mi,0.29729714169742627,,0.608,0.608,0.10413691973686218,uniform
uniform_live_quality_seed7111473167050986645,live_epoch_0098,98,12250,11,q11_cross_subspace_gaussian_mi,0.3088507884487641,,0.615,0.615,0.10516011047363281,uniform
uniform_live_quality_seed7111473167050986645,live_epoch_0099,99,12375,11,q11_cross_subspace_gaussian_mi,0.2930829967422473,,0.613,0.613,0.10320265579223632,uniform
uniform_live_quality_seed7111473167050986645,live_epoch_0100,100,12500,11,q11_cross_subspace_gaussian_mi,0.2667832203158542,,0.6235,0.6234999999999999,0.10917238426208496,uniform
uniform_live_quality_seed7111473167050986645,live_epoch_0001,1,125,12,q12_absolute_entropy_change,,degenerate_partition,0.4195,0.4195,0.0011213373318314551,uniform
uniform_live_quality_seed7111473167050986645,live_epoch_0002,2,250,12,q12_absolute_entropy_change,,degenerate_partition,0.392,0.39199999999999996,0.0002901921896263957,uniform
uniform_live_quality_seed7111473167050986645,live_epoch_0003,3,375,12,q12_absolute_entropy_change,,no_previous_epoch,0.3995,0.39949999999999997,0.00012927067186683415,uniform
uniform_live_quality_seed7111473167050986645,live_epoch_0004,4,500,12,q12_absolute_entropy_change,0.09132170279613194,,0.4135,0.4135,0.00017340463353320956,uniform
uniform_live_quality_seed7111473167050986645,live_epoch_0005,5,625,12,q12_absolute_entropy_change,0.05607843272560076,,0.414,0.414,7.838597777299583e-05,uniform
uniform_live_quality_seed7111473167050986645,live_epoch_0006,6,750,12,q12_absolute_entropy_change,0.012877353871688868,,0.4175,0.4175,0.00013151315180584788,uniform
uniform_live_quality_seed7111473167050986645,live_epoch_0007,7,875,12,q12_absolute_entropy_change,0.05931120030951731,,0.4205,0.4205,6.605390808545053e-05,uniform
uniform_live_quality_seed7111473167050986645,live_epoch_0008,8,1000,12,q12_absolute_entropy_change,0.018176880641236792,,0.431,0.43099999999999994,6.425896589644253e-05,uniform
uniform_live_quality_seed7111473167050986645,live_epoch_0009,9,1125,12,q12_absolute_entropy_change,0.04582722322602373,,0.4315,0.43149999999999994,6.084494199603796e-05,uniform
uniform_live_quality_seed7111473167050986645,live_epoch_0010,10,1250,12,q12_absolute_entropy_change,0.007840737322123648,,0.428,0.428,5.844392580911517e-05,uniform
uniform_live_quality_seed7111473167050986645,live_epoch_0011,11,1375,12,q12_absolute_entropy_change,0.00927864593574279,,0.426,0.426,5.508617148734629e-05,uniform
uniform_live_quality_seed7111473167050986645,live_epoch_0012,12,1500,12,q12_absolute_entropy_change,0.021806736611962974,,0.4355,0.43549999999999994,5.390474852174521e-05,uniform
uniform_live_quality_seed7111473167050986645,live_epoch_0013,13,1625,12,q12_absolute_entropy_change,0.020597127618925182,,0.4365,0.43649999999999994,5.2589790197089315e-05,uniform
uniform_live_quality_seed7111473167050986645,live_epoch_0014,14,1750,12,q12_absolute_entropy_change,0.009335771429547224,,0.435,0.435,5.4997465573251245e-05,uniform
uniform_live_quality_seed7111473167050986645,live_epoch_0015,15,1875,12,q12_absolute_entropy_change,0.028706118901866695,,0.436,0.436,5.163274868391454e-05,uniform
uniform_live_quality_seed7111473167050986645,live_epoch_0016,16,2000,12,q12_absolute_entropy_change,0.013833059841519502,,0.4345,0.43449999999999994,5.3632036782801154e-05,uniform
uniform_live_quality_seed7111473167050986645,live_epoch_0017,17,2125,12,q12_absolute_entropy_change,0.03193171867702116,,0.431,0.431,5.503734084777534e-05,uniform
uniform_live_quality_seed7111473167050986645,live_epoch_0018,18,2250,12,q12_absolute_entropy_change,0.012922514135623953,,0.435,0.43499999999999994,5.960970651358366e-05,uniform
uniform_live_quality_seed7111473167050986645,live_epoch_0019,19,2375,12,q12_absolute_entropy_change,0.04561253902582574,,0.4325,0.4325,6.558159808628262e-05,uniform
uniform_live_quality_seed7111473167050986645,live_epoch_0020,20,2500,12,q12_absolute_entropy_change,,degenerate_partition,0.433,0.433,7.839183881878853e-05,uniform
uniform_live_quality_seed7111473167050986645,live_epoch_0021,21,2625,12,q12_absolute_entropy_change,,no_previous_epoch,0.4255,0.4255,0.00010045370319858193,uniform
uniform_live_quality_seed7111473167050986645,live_epoch_0022,22,2750,12,q12_absolute_entropy_change,0.03070618008298398,,0.4255,0.4255,0.0001359921428374946,uniform
uniform_live_quality_seed7111473167050986645,live_epoch_0023,23,2875,12,q12_absolute_entropy_change,,degenerate_partition,0.4115,0.4115,0.0002048513637855649,uniform
uniform_live_quality_seed7111473167050986645,live_epoch_0024,24,3000,12,q12_absolute_entropy_change,,degenerate_partition,0.4005,0.40049999999999997,0.0010367267318069934,uniform
uniform_live_quality_seed7111473167050986645,live_epoch_0025,25,3125,12,q12_absolute_entropy_change,,degenerate_partition,0.386,0.38599999999999995,0.003345674552023411,uniform
uniform_live_quality_seed7111473167050986645,live_epoch_0026,26,3250,12,q12_absolute_entropy_change,,degenerate_partition,0.3985,0.3985,0.0060667493641376495,uniform
uniform_live_quality_seed7111473167050986645,live_epoch_0027,27,3375,12,q12_absolute_entropy_change,,degenerate_partition,0.3695,0.36950000000000005,0.013429269298911094,uniform
uniform_live_quality_seed7111473167050986645,live_epoch_0028,28,3500,12,q12_absolute_entropy_change,,degenerate_partition,0.358,0.358,0.03115568393468857,uniform
uniform_live_quality_seed7111473167050986645,live_epoch_0029,29,3625,12,q12_absolute_entropy_change,,degenerate_partition,0.3425,0.3425,0.056627493262290954,uniform
uniform_live_quality_seed7111473167050986645,live_epoch_0030,30,3750,12,q12_absolute_entropy_change,,degenerate_partition,0.3635,0.3635,0.09948172736167908,uniform
uniform_live_quality_seed7111473167050986645,live_epoch_0031,31,3875,12,q12_absolute_entropy_change,,no_previous_epoch,0.3955,0.39549999999999996,0.1050968461036682,uniform
uniform_live_quality_seed7111473167050986645,live_epoch_0032,32,4000,12,q12_absolute_entropy_change,0.052606075917265294,,0.393,0.393,0.12442151761054993,uniform
uniform_live_quality_seed7111473167050986645,live_epoch_0033,33,4125,12,q12_absolute_entropy_change,,degenerate_partition,0.395,0.395,0.10571711552143097,uniform
uniform_live_quality_seed7111473167050986645,live_epoch_0034,34,4250,12,q12_absolute_entropy_change,,no_previous_epoch,0.401,0.401,0.11233610916137696,uniform
uniform_live_quality_seed7111473167050986645,live_epoch_0035,35,4375,12,q12_absolute_entropy_change,,degenerate_partition,0.3975,0.3975,0.11043914377689362,uniform
uniform_live_quality_seed7111473167050986645,live_epoch_0036,36,4500,12,q12_absolute_entropy_change,,degenerate_partition,0.3965,0.3965,0.10376330041885376,uniform
uniform_live_quality_seed7111473167050986645,live_epoch_0037,37,4625,12,q12_absolute_entropy_change,,no_previous_epoch,0.421,0.421,0.1082879683971405,uniform
uniform_live_quality_seed7111473167050986645,live_epoch_0038,38,4750,12,q12_absolute_entropy_change,0.060578819613821056,,0.42,0.42,0.10512582957744598,uniform
uniform_live_quality_seed7111473167050986645,live_epoch_0039,39,4875,12,q12_absolute_entropy_change,,degenerate_partition,0.4345,0.43450000000000005,0.10733225798606873,uniform
uniform_live_quality_seed7111473167050986645,live_epoch_0040,40,5000,12,q12_absolute_entropy_change,,no_previous_epoch,0.426,0.42600000000000005,0.10427827513217926,uniform
uniform_live_quality_seed7111473167050986645,live_epoch_0041,41,5125,12,q12_absolute_entropy_change,0.05918581899871156,,0.4255,0.4255,0.09806675982475281,uniform
uniform_live_quality_seed7111473167050986645,live_epoch_0042,42,5250,12,q12_absolute_entropy_change,0.0774653724574701,,0.44,0.44,0.09902878022193909,uniform
uniform_live_quality_seed7111473167050986645,live_epoch_0043,43,5375,12,q12_absolute_entropy_change,0.09809778754215892,,0.459,0.459,0.09427746748924255,uniform
uniform_live_quality_seed7111473167050986645,live_epoch_0044,44,5500,12,q12_absolute_entropy_change,0.03687088968862495,,0.44,0.44,0.09379401409626006,uniform
uniform_live_quality_seed7111473167050986645,live_epoch_0045,45,5625,12,q12_absolute_entropy_change,0.057586834983134105,,0.444,0.444,0.09166138148307801,uniform
uniform_live_quality_seed7111473167050986645,live_epoch_0046,46,5750,12,q12_absolute_entropy_change,0.03444887910441108,,0.435,0.43500000000000005,0.09129389607906342,uniform
uniform_live_quality_seed7111473167050986645,live_epoch_0047,47,5875,12,q12_absolute_entropy_change,0.017830443726892575,,0.4405,0.4405,0.09181567740440369,uniform
uniform_live_quality_seed7111473167050986645,live_epoch_0048,48,6000,12,q12_absolute_entropy_change,0.0389117305099308,,0.424,0.424,0.09308186984062194,uniform
uniform_live_quality_seed7111473167050986645,live_epoch_0049,49,6125,12,q12_absolute_entropy_change,0.048988102731869154,,0.433,0.433,0.09291269564628601,uniform
uniform_live_quality_seed7111473167050986645,live_epoch_0050,50,6250,12,q12_absolute_entropy_change,0.009778254536712883,,0.4425,0.4425,0.09371004223823548,uniform
uniform_live_quality_seed7111473167050986645,live_epoch_0051,51,6375,12,q12_absolute_entropy_change,0.030493908007405923,,0.428,0.42800000000000005,0.09500530290603637,uniform
uniform_live_quality_seed7111473167050986645,live_epoch_0052,52,6500,12,q12_absolute_entropy_change,0.07882663347189767,,0.427,0.42699999999999994,0.09625404715538025,uniform
uniform_live_quality_seed7111473167050986645,live_epoch_0053,53,6625,12,q12_absolute_entropy_change,0.002773764841394022,,0.4405,0.4405,0.09607635998725891,uniform
uniform_live_quality_seed7111473167050986645,live_epoch_0054,54,6750,12,q12_absolute_entropy_change,0.07149354002309083,,0.4445,0.4445,0.09568634295463561,uniform
uniform_live_quality_seed7111473167050986645,live_epoch_0055,55,6875,12,q12_absolute_entropy_change,0.003031534919401946,,0.439,0.43899999999999995,0.10051087927818299,uniform
uniform_live_quality_seed7111473167050986645,live_epoch_0056,56,7000,12,q12_absolute_entropy_change,0.0275555551335413,,0.433,0.43299999999999994,0.10100525164604188,uniform
uniform_live_quality_seed7111473167050986645,live_epoch_0057,57,7125,12,q12_absolute_entropy_change,0.037810411629497054,,0.4285,0.4285,0.1013157913684845,uniform
uniform_live_quality_seed7111473167050986645,live_epoch_0058,58,7250,12,q12_absolute_entropy_change,0.04311356766693275,,0.443,0.44299999999999995,0.10295857286453247,uniform
uniform_live_quality_seed7111473167050986645,live_epoch_0059,59,7375,12,q12_absolute_entropy_change,0.043202932564773366,,0.4495,0.4495,0.10294777154922485,uniform
uniform_live_quality_seed7111473167050986645,live_epoch_0060,60,7500,12,q12_absolute_entropy_change,0.03613215455112906,,0.469,0.469,0.10535053825378418,uniform
uniform_live_quality_seed7111473167050986645,live_epoch_0061,61,7625,12,q12_absolute_entropy_change,0.0034189617239189785,,0.4775,0.47750000000000004,0.10395824193954467,uniform
uniform_live_quality_seed7111473167050986645,live_epoch_0062,62,7750,12,q12_absolute_entropy_change,0.029223286830437567,,0.5045,0.5045000000000001,0.10320230007171631,uniform
uniform_live_quality_seed7111473167050986645,live_epoch_0063,63,7875,12,q12_absolute_entropy_change,0.048582920313823774,,0.4955,0.49550000000000005,0.10549554944038392,uniform
uniform_live_quality_seed7111473167050986645,live_epoch_0064,64,8000,12,q12_absolute_entropy_change,0.022917730168689476,,0.5045,0.5045,0.10387999415397645,uniform
uniform_live_quality_seed7111473167050986645,live_epoch_0065,65,8125,12,q12_absolute_entropy_change,0.018714483680378702,,0.503,0.503,0.10445783424377442,uniform
uniform_live_quality_seed7111473167050986645,live_epoch_0066,66,8250,12,q12_absolute_entropy_change,0.01715593576995711,,0.5095,0.5095000000000001,0.10450446462631226,uniform
uniform_live_quality_seed7111473167050986645,live_epoch_0067,67,8375,12,q12_absolute_entropy_change,0.009427941235141457,,0.5165,0.5165,0.10628911423683167,uniform
uniform_live_quality_seed7111473167050986645,live_epoch_0068,68,8500,12,q12_absolute_entropy_change,0.012772664814190038,,0.509,0.509,0.10491162157058716,uniform
uniform_live_quality_seed7111473167050986645,live_epoch_0069,69,8625,12,q12_absolute_entropy_change,0.0036835268517639297,,0.5165,0.5165,0.10478554248809814,uniform
uniform_live_quality_seed7111473167050986645,live_epoch_0070,70,8750,12,q12_absolute_entropy_change,0.038785363468966605,,0.526,0.526,0.10515108442306519,uniform
uniform_live_quality_seed7111473167050986645,live_epoch_0071,71,8875,12,q12_absolute_entropy_change,0.06371775950620481,,0.532,0.532,0.10542909002304077,uniform
uniform_live_quality_seed7111473167050986645,live_epoch_0072,72,9000,12,q12_absolute_entropy_change,0.16722281665834107,,0.547,0.5469999999999999,0.10938835644721985,uniform
uniform_live_quality_seed7111473167050986645,live_epoch_0073,73,9125,12,q12_absolute_entropy_change,0.17627878956508386,,0.53,0.53,0.10520164799690247,uniform
uniform_live_quality_seed7111473167050986645,live_epoch_0074,74,9250,12,q12_absolute_entropy_change,0.07627546068239166,,0.541,0.5409999999999999,0.1059716911315918,uniform
uniform_live_quality_seed7111473167050986645,live_epoch_0075,75,9375,12,q12_absolute_entropy_change,0.041380385069065106,,0.5585,0.5585,0.10875931549072265,uniform
uniform_live_quality_seed7111473167050986645,live_epoch_0076,76,9500,12,q12_absolute_entropy_change,0.02375860215603326,,0.5575,0.5575,0.10576828289031982,uniform
uniform_live_quality_seed7111473167050986645,live_epoch_0077,77,9625,12,q12_absolute_entropy_change,0.048213559337054346,,0.5525,0.5525,0.10509442782402038,uniform
uniform_live_quality_seed7111473167050986645,live_epoch_0078,78,9750,12,q12_absolute_entropy_change,0.011554101114095994,,0.5555,0.5555,0.10417660427093506,uniform
uniform_live_quality_seed7111473167050986645,live_epoch_0079,79,9875,12,q12_absolute_entropy_change,0.013233828277742166,,0.558,0.558,0.10485398697853088,uniform
uniform_live_quality_seed7111473167050986645,live_epoch_0080,80,10000,12,q12_absolute_entropy_change,0.02667226888234575,,0.5555,0.5555,0.10604727077484132,uniform
uniform_live_quality_seed7111473167050986645,live_epoch_0081,81,10125,12,q12_absolute_entropy_change,0.0055122730608638815,,0.562,0.562,0.10598238253593445,uniform
uniform_live_quality_seed7111473167050986645,live_epoch_0082,82,10250,12,q12_absolute_entropy_change,0.017654565983404535,,0.551,0.5509999999999999,0.10721569752693176,uniform
uniform_live_quality_seed7111473167050986645,live_epoch_0083,83,10375,12,q12_absolute_entropy_change,0.029323016767230314,,0.5525,0.5525,0.10503653478622436,uniform
uniform_live_quality_seed7111473167050986645,live_epoch_0084,84,10500,12,q12_absolute_entropy_change,0.010975183331498328,,0.5535,0.5535,0.10542078185081481,uniform
uniform_live_quality_seed7111473167050986645,live_epoch_0085,85,10625,12,q12_absolute_entropy_change,0.0029338161573879695,,0.573,0.573,0.10830363798141479,uniform
uniform_live_quality_seed7111473167050986645,live_epoch_0086,86,10750,12,q12_absolute_entropy_change,0.0029864924150102,,0.5655,0.5655000000000001,0.10777672719955445,uniform
uniform_live_quality_seed7111473167050986645,live_epoch_0087,87,10875,12,q12_absolute_entropy_change,0.017834231715492865,,0.561,0.561,0.10287943577766419,uniform
uniform_live_quality_seed7111473167050986645,live_epoch_0088,88,11000,12,q12_absolute_entropy_change,0.01998003906811946,,0.5735,0.5735,0.10605844211578369,uniform
uniform_live_quality_seed7111473167050986645,live_epoch_0089,89,11125,12,q12_absolute_entropy_change,0.013587424908747037,,0.566,0.566,0.1059640610218048,uniform
uniform_live_quality_seed7111473167050986645,live_epoch_0090,90,11250,12,q12_absolute_entropy_change,0.004743956338935984,,0.5845,0.5845,0.10424339008331299,uniform
uniform_live_quality_seed7111473167050986645,live_epoch_0091,91,11375,12,q12_absolute_entropy_change,0.00548264891713629,,0.579,0.579,0.10716842889785766,uniform
uniform_live_quality_seed7111473167050986645,live_epoch_0092,92,11500,12,q12_absolute_entropy_change,0.0092812774022496,,0.5925,0.5925,0.10801207733154297,uniform
uniform_live_quality_seed7111473167050986645,live_epoch_0093,93,11625,12,q12_absolute_entropy_change,0.015437438148285909,,0.564,0.5640000000000001,0.1052492790222168,uniform
uniform_live_quality_seed7111473167050986645,live_epoch_0094,94,11750,12,q12_absolute_entropy_change,0.0157185150195297,,0.59,0.59,0.10582787275314331,uniform
uniform_live_quality_seed7111473167050986645,live_epoch_0095,95,11875,12,q12_absolute_entropy_change,0.0031086458573637565,,0.5915,0.5915,0.10494300127029418,uniform
uniform_live_quality_seed7111473167050986645,live_epoch_0096,96,12000,12,q12_absolute_entropy_change,0.014105454520655925,,0.604,0.604,0.10446972298622131,uniform
uniform_live_quality_seed7111473167050986645,live_epoch_0097,97,12125,12,q12_absolute_entropy_change,0.010215685275661635,,0.608,0.608,0.10413691973686218,uniform
uniform_live_quality_seed7111473167050986645,live_epoch_0098,98,12250,12,q12_absolute_entropy_change,0.009584668397450868,,0.615,0.615,0.10516011047363281,uniform
uniform_live_quality_seed7111473167050986645,live_epoch_0099,99,12375,12,q12_absolute_entropy_change,0.008767831020533912,,0.613,0.613,0.10320265579223632,uniform
uniform_live_quality_seed7111473167050986645,live_epoch_0100,100,12500,12,q12_absolute_entropy_change,0.03557894512718107,,0.6235,0.6234999999999999,0.10917238426208496,uniform
uniform_live_quality_seed7111473167050986645,live_epoch_0001,1,125,13,q13_realized_surprise_locality,,degenerate_partition,0.4195,0.4195,0.0011213373318314551,uniform
uniform_live_quality_seed7111473167050986645,live_epoch_0002,2,250,13,q13_realized_surprise_locality,,degenerate_partition,0.392,0.39199999999999996,0.0002901921896263957,uniform
uniform_live_quality_seed7111473167050986645,live_epoch_0003,3,375,13,q13_realized_surprise_locality,,no_previous_epoch,0.3995,0.39949999999999997,0.00012927067186683415,uniform
uniform_live_quality_seed7111473167050986645,live_epoch_0004,4,500,13,q13_realized_surprise_locality,0.01225180808320625,,0.4135,0.4135,0.00017340463353320956,uniform
uniform_live_quality_seed7111473167050986645,live_epoch_0005,5,625,13,q13_realized_surprise_locality,0.011295852563843911,,0.414,0.414,7.838597777299583e-05,uniform
uniform_live_quality_seed7111473167050986645,live_epoch_0006,6,750,13,q13_realized_surprise_locality,0.06757955067729271,,0.4175,0.4175,0.00013151315180584788,uniform
uniform_live_quality_seed7111473167050986645,live_epoch_0007,7,875,13,q13_realized_surprise_locality,0.012214147854413548,,0.4205,0.4205,6.605390808545053e-05,uniform
uniform_live_quality_seed7111473167050986645,live_epoch_0008,8,1000,13,q13_realized_surprise_locality,0.014508309074060421,,0.431,0.43099999999999994,6.425896589644253e-05,uniform
uniform_live_quality_seed7111473167050986645,live_epoch_0009,9,1125,13,q13_realized_surprise_locality,0.01141332978694154,,0.4315,0.43149999999999994,6.084494199603796e-05,uniform
uniform_live_quality_seed7111473167050986645,live_epoch_0010,10,1250,13,q13_realized_surprise_locality,0.0024100336549672807,,0.428,0.428,5.844392580911517e-05,uniform
uniform_live_quality_seed7111473167050986645,live_epoch_0011,11,1375,13,q13_realized_surprise_locality,0.0014809357694127723,,0.426,0.426,5.508617148734629e-05,uniform
uniform_live_quality_seed7111473167050986645,live_epoch_0012,12,1500,13,q13_realized_surprise_locality,0.07029356774403994,,0.4355,0.43549999999999994,5.390474852174521e-05,uniform
uniform_live_quality_seed7111473167050986645,live_epoch_0013,13,1625,13,q13_realized_surprise_locality,0.014604011081070456,,0.4365,0.43649999999999994,5.2589790197089315e-05,uniform
uniform_live_quality_seed7111473167050986645,live_epoch_0014,14,1750,13,q13_realized_surprise_locality,0.014976020058987127,,0.435,0.435,5.4997465573251245e-05,uniform
uniform_live_quality_seed7111473167050986645,live_epoch_0015,15,1875,13,q13_realized_surprise_locality,0.0323363027631105,,0.436,0.436,5.163274868391454e-05,uniform
uniform_live_quality_seed7111473167050986645,live_epoch_0016,16,2000,13,q13_realized_surprise_locality,0.002567958049339736,,0.4345,0.43449999999999994,5.3632036782801154e-05,uniform
uniform_live_quality_seed7111473167050986645,live_epoch_0017,17,2125,13,q13_realized_surprise_locality,0.017791580630183157,,0.431,0.431,5.503734084777534e-05,uniform
uniform_live_quality_seed7111473167050986645,live_epoch_0018,18,2250,13,q13_realized_surprise_locality,0.030083032922100905,,0.435,0.43499999999999994,5.960970651358366e-05,uniform
uniform_live_quality_seed7111473167050986645,live_epoch_0019,19,2375,13,q13_realized_surprise_locality,0.06628481654531382,,0.4325,0.4325,6.558159808628262e-05,uniform
uniform_live_quality_seed7111473167050986645,live_epoch_0020,20,2500,13,q13_realized_surprise_locality,,degenerate_partition,0.433,0.433,7.839183881878853e-05,uniform
uniform_live_quality_seed7111473167050986645,live_epoch_0021,21,2625,13,q13_realized_surprise_locality,,no_previous_epoch,0.4255,0.4255,0.00010045370319858193,uniform
uniform_live_quality_seed7111473167050986645,live_epoch_0022,22,2750,13,q13_realized_surprise_locality,0.030981043929670382,,0.4255,0.4255,0.0001359921428374946,uniform
uniform_live_quality_seed7111473167050986645,live_epoch_0023,23,2875,13,q13_realized_surprise_locality,,degenerate_partition,0.4115,0.4115,0.0002048513637855649,uniform
uniform_live_quality_seed7111473167050986645,live_epoch_0024,24,3000,13,q13_realized_surprise_locality,,degenerate_partition,0.4005,0.40049999999999997,0.0010367267318069934,uniform
uniform_live_quality_seed7111473167050986645,live_epoch_0025,25,3125,13,q13_realized_surprise_locality,,degenerate_partition,0.386,0.38599999999999995,0.003345674552023411,uniform
uniform_live_quality_seed7111473167050986645,live_epoch_0026,26,3250,13,q13_realized_surprise_locality,,degenerate_partition,0.3985,0.3985,0.0060667493641376495,uniform
uniform_live_quality_seed7111473167050986645,live_epoch_0027,27,3375,13,q13_realized_surprise_locality,,degenerate_partition,0.3695,0.36950000000000005,0.013429269298911094,uniform
uniform_live_quality_seed7111473167050986645,live_epoch_0028,28,3500,13,q13_realized_surprise_locality,,degenerate_partition,0.358,0.358,0.03115568393468857,uniform
uniform_live_quality_seed7111473167050986645,live_epoch_0029,29,3625,13,q13_realized_surprise_locality,,degenerate_partition,0.3425,0.3425,0.056627493262290954,uniform
uniform_live_quality_seed7111473167050986645,live_epoch_0030,30,3750,13,q13_realized_surprise_locality,,degenerate_partition,0.3635,0.3635,0.09948172736167908,uniform
uniform_live_quality_seed7111473167050986645,live_epoch_0031,31,3875,13,q13_realized_surprise_locality,,no_previous_epoch,0.3955,0.39549999999999996,0.1050968461036682,uniform
uniform_live_quality_seed7111473167050986645,live_epoch_0032,32,4000,13,q13_realized_surprise_locality,0.06811221530004397,,0.393,0.393,0.12442151761054993,uniform
uniform_live_quality_seed7111473167050986645,live_epoch_0033,33,4125,13,q13_realized_surprise_locality,,degenerate_partition,0.395,0.395,0.10571711552143097,uniform
uniform_live_quality_seed7111473167050986645,live_epoch_0034,34,4250,13,q13_realized_surprise_locality,,no_previous_epoch,0.401,0.401,0.11233610916137696,uniform
uniform_live_quality_seed7111473167050986645,live_epoch_0035,35,4375,13,q13_realized_surprise_locality,,degenerate_partition,0.3975,0.3975,0.11043914377689362,uniform
uniform_live_quality_seed7111473167050986645,live_epoch_0036,36,4500,13,q13_realized_surprise_locality,,degenerate_partition,0.3965,0.3965,0.10376330041885376,uniform
uniform_live_quality_seed7111473167050986645,live_epoch_0037,37,4625,13,q13_realized_surprise_locality,,no_previous_epoch,0.421,0.421,0.1082879683971405,uniform
uniform_live_quality_seed7111473167050986645,live_epoch_0038,38,4750,13,q13_realized_surprise_locality,0.0028948734421961886,,0.42,0.42,0.10512582957744598,uniform
uniform_live_quality_seed7111473167050986645,live_epoch_0039,39,4875,13,q13_realized_surprise_locality,,degenerate_partition,0.4345,0.43450000000000005,0.10733225798606873,uniform
uniform_live_quality_seed7111473167050986645,live_epoch_0040,40,5000,13,q13_realized_surprise_locality,,no_previous_epoch,0.426,0.42600000000000005,0.10427827513217926,uniform
uniform_live_quality_seed7111473167050986645,live_epoch_0041,41,5125,13,q13_realized_surprise_locality,0.05435562592915555,,0.4255,0.4255,0.09806675982475281,uniform
uniform_live_quality_seed7111473167050986645,live_epoch_0042,42,5250,13,q13_realized_surprise_locality,0.08230802553535976,,0.44,0.44,0.09902878022193909,uniform
uniform_live_quality_seed7111473167050986645,live_epoch_0043,43,5375,13,q13_realized_surprise_locality,0.023226222958298015,,0.459,0.459,0.09427746748924255,uniform
uniform_live_quality_seed7111473167050986645,live_epoch_0044,44,5500,13,q13_realized_surprise_locality,0.006741124752101424,,0.44,0.44,0.09379401409626006,uniform
uniform_live_quality_seed7111473167050986645,live_epoch_0045,45,5625,13,q13_realized_surprise_locality,0.0030123578869970524,,0.444,0.444,0.09166138148307801,uniform
uniform_live_quality_seed7111473167050986645,live_epoch_0046,46,5750,13,q13_realized_surprise_locality,0.026909475599891652,,0.435,0.43500000000000005,0.09129389607906342,uniform
uniform_live_quality_seed7111473167050986645,live_epoch_0047,47,5875,13,q13_realized_surprise_locality,0.0037830492937708238,,0.4405,0.4405,0.09181567740440369,uniform
uniform_live_quality_seed7111473167050986645,live_epoch_0048,48,6000,13,q13_realized_surprise_locality,0.14957464961846123,,0.424,0.424,0.09308186984062194,uniform
uniform_live_quality_seed7111473167050986645,live_epoch_0049,49,6125,13,q13_realized_surprise_locality,0.010646988929888024,,0.433,0.433,0.09291269564628601,uniform
uniform_live_quality_seed7111473167050986645,live_epoch_0050,50,6250,13,q13_realized_surprise_locality,0.026642711427783072,,0.4425,0.4425,0.09371004223823548,uniform
uniform_live_quality_seed7111473167050986645,live_epoch_0051,51,6375,13,q13_realized_surprise_locality,0.014579704447368669,,0.428,0.42800000000000005,0.09500530290603637,uniform
uniform_live_quality_seed7111473167050986645,live_epoch_0052,52,6500,13,q13_realized_surprise_locality,0.015280275251729591,,0.427,0.42699999999999994,0.09625404715538025,uniform
uniform_live_quality_seed7111473167050986645,live_epoch_0053,53,6625,13,q13_realized_surprise_locality,0.01068451477063026,,0.4405,0.4405,0.09607635998725891,uniform
uniform_live_quality_seed7111473167050986645,live_epoch_0054,54,6750,13,q13_realized_surprise_locality,0.006613464164175298,,0.4445,0.4445,0.09568634295463561,uniform
uniform_live_quality_seed7111473167050986645,live_epoch_0055,55,6875,13,q13_realized_surprise_locality,0.016216454326127394,,0.439,0.43899999999999995,0.10051087927818299,uniform
uniform_live_quality_seed7111473167050986645,live_epoch_0056,56,7000,13,q13_realized_surprise_locality,0.00048036135772833166,,0.433,0.43299999999999994,0.10100525164604188,uniform
uniform_live_quality_seed7111473167050986645,live_epoch_0057,57,7125,13,q13_realized_surprise_locality,0.026724516828083966,,0.4285,0.4285,0.1013157913684845,uniform
uniform_live_quality_seed7111473167050986645,live_epoch_0058,58,7250,13,q13_realized_surprise_locality,0.012854250720827243,,0.443,0.44299999999999995,0.10295857286453247,uniform
uniform_live_quality_seed7111473167050986645,live_epoch_0059,59,7375,13,q13_realized_surprise_locality,0.010427274307335033,,0.4495,0.4495,0.10294777154922485,uniform
uniform_live_quality_seed7111473167050986645,live_epoch_0060,60,7500,13,q13_realized_surprise_locality,0.01560095159742314,,0.469,0.469,0.10535053825378418,uniform
uniform_live_quality_seed7111473167050986645,live_epoch_0061,61,7625,13,q13_realized_surprise_locality,0.0243539390322689,,0.4775,0.47750000000000004,0.10395824193954467,uniform
uniform_live_quality_seed7111473167050986645,live_epoch_0062,62,7750,13,q13_realized_surprise_locality,0.12845145183483775,,0.5045,0.5045000000000001,0.10320230007171631,uniform
uniform_live_quality_seed7111473167050986645,live_epoch_0063,63,7875,13,q13_realized_surprise_locality,0.03208620197755552,,0.4955,0.49550000000000005,0.10549554944038392,uniform
uniform_live_quality_seed7111473167050986645,live_epoch_0064,64,8000,13,q13_realized_surprise_locality,0.028432627781325825,,0.5045,0.5045,0.10387999415397645,uniform
uniform_live_quality_seed7111473167050986645,live_epoch_0065,65,8125,13,q13_realized_surprise_locality,0.021521189553146858,,0.503,0.503,0.10445783424377442,uniform
uniform_live_quality_seed7111473167050986645,live_epoch_0066,66,8250,13,q13_realized_surprise_locality,0.07982651650947015,,0.5095,0.5095000000000001,0.10450446462631226,uniform
uniform_live_quality_seed7111473167050986645,live_epoch_0067,67,8375,13,q13_realized_surprise_locality,0.18718211217849168,,0.5165,0.5165,0.10628911423683167,uniform
uniform_live_quality_seed7111473167050986645,live_epoch_0068,68,8500,13,q13_realized_surprise_locality,0.005569675691286857,,0.509,0.509,0.10491162157058716,uniform
uniform_live_quality_seed7111473167050986645,live_epoch_0069,69,8625,13,q13_realized_surprise_locality,0.006228715122736039,,0.5165,0.5165,0.10478554248809814,uniform
uniform_live_quality_seed7111473167050986645,live_epoch_0070,70,8750,13,q13_realized_surprise_locality,0.06208090265702093,,0.526,0.526,0.10515108442306519,uniform
uniform_live_quality_seed7111473167050986645,live_epoch_0071,71,8875,13,q13_realized_surprise_locality,0.03632764179563852,,0.532,0.532,0.10542909002304077,uniform
uniform_live_quality_seed7111473167050986645,live_epoch_0072,72,9000,13,q13_realized_surprise_locality,0.23149988124210819,,0.547,0.5469999999999999,0.10938835644721985,uniform
uniform_live_quality_seed7111473167050986645,live_epoch_0073,73,9125,13,q13_realized_surprise_locality,0.21916591928486373,,0.53,0.53,0.10520164799690247,uniform
uniform_live_quality_seed7111473167050986645,live_epoch_0074,74,9250,13,q13_realized_surprise_locality,0.15296273026162943,,0.541,0.5409999999999999,0.1059716911315918,uniform
uniform_live_quality_seed7111473167050986645,live_epoch_0075,75,9375,13,q13_realized_surprise_locality,0.021568167007365635,,0.5585,0.5585,0.10875931549072265,uniform
uniform_live_quality_seed7111473167050986645,live_epoch_0076,76,9500,13,q13_realized_surprise_locality,0.008600178724082808,,0.5575,0.5575,0.10576828289031982,uniform
uniform_live_quality_seed7111473167050986645,live_epoch_0077,77,9625,13,q13_realized_surprise_locality,0.011965580761665096,,0.5525,0.5525,0.10509442782402038,uniform
uniform_live_quality_seed7111473167050986645,live_epoch_0078,78,9750,13,q13_realized_surprise_locality,0.0273119501813035,,0.5555,0.5555,0.10417660427093506,uniform
uniform_live_quality_seed7111473167050986645,live_epoch_0079,79,9875,13,q13_realized_surprise_locality,0.05262517624448182,,0.558,0.558,0.10485398697853088,uniform
uniform_live_quality_seed7111473167050986645,live_epoch_0080,80,10000,13,q13_realized_surprise_locality,0.012402445057730138,,0.5555,0.5555,0.10604727077484132,uniform
uniform_live_quality_seed7111473167050986645,live_epoch_0081,81,10125,13,q13_realized_surprise_locality,0.0003221819103074175,,0.562,0.562,0.10598238253593445,uniform
uniform_live_quality_seed7111473167050986645,live_epoch_0082,82,10250,13,q13_realized_surprise_locality,0.007998182668294773,,0.551,0.5509999999999999,0.10721569752693176,uniform
uniform_live_quality_seed7111473167050986645,live_epoch_0083,83,10375,13,q13_realized_surprise_locality,0.00469274252695262,,0.5525,0.5525,0.10503653478622436,uniform
uniform_live_quality_seed7111473167050986645,live_epoch_0084,84,10500,13,q13_realized_surprise_locality,0.0011510538681116511,,0.5535,0.5535,0.10542078185081481,uniform
uniform_live_quality_seed7111473167050986645,live_epoch_0085,85,10625,13,q13_realized_surprise_locality,0.009773433127518105,,0.573,0.573,0.10830363798141479,uniform
uniform_live_quality_seed7111473167050986645,live_epoch_0086,86,10750,13,q13_realized_surprise_locality,0.0064446346219069195,,0.5655,0.5655000000000001,0.10777672719955445,uniform
uniform_live_quality_seed7111473167050986645,live_epoch_0087,87,10875,13,q13_realized_surprise_locality,0.016669866878042505,,0.561,0.561,0.10287943577766419,uniform
uniform_live_quality_seed7111473167050986645,live_epoch_0088,88,11000,13,q13_realized_surprise_locality,0.005935130344591588,,0.5735,0.5735,0.10605844211578369,uniform
uniform_live_quality_seed7111473167050986645,live_epoch_0089,89,11125,13,q13_realized_surprise_locality,0.0009612348613659005,,0.566,0.566,0.1059640610218048,uniform
uniform_live_quality_seed7111473167050986645,live_epoch_0090,90,11250,13,q13_realized_surprise_locality,0.008237184742811432,,0.5845,0.5845,0.10424339008331299,uniform
uniform_live_quality_seed7111473167050986645,live_epoch_0091,91,11375,13,q13_realized_surprise_locality,0.01449534905099259,,0.579,0.579,0.10716842889785766,uniform
uniform_live_quality_seed7111473167050986645,live_epoch_0092,92,11500,13,q13_realized_surprise_locality,0.006423087231575031,,0.5925,0.5925,0.10801207733154297,uniform
uniform_live_quality_seed7111473167050986645,live_epoch_0093,93,11625,13,q13_realized_surprise_locality,0.00849340542181154,,0.564,0.5640000000000001,0.1052492790222168,uniform
uniform_live_quality_seed7111473167050986645,live_epoch_0094,94,11750,13,q13_realized_surprise_locality,0.014801049922353648,,0.59,0.59,0.10582787275314331,uniform
uniform_live_quality_seed7111473167050986645,live_epoch_0095,95,11875,13,q13_realized_surprise_locality,0.014107432857404345,,0.5915,0.5915,0.10494300127029418,uniform
uniform_live_quality_seed7111473167050986645,live_epoch_0096,96,12000,13,q13_realized_surprise_locality,0.013351674326553042,,0.604,0.604,0.10446972298622131,uniform
uniform_live_quality_seed7111473167050986645,live_epoch_0097,97,12125,13,q13_realized_surprise_locality,0.009399509873891376,,0.608,0.608,0.10413691973686218,uniform
uniform_live_quality_seed7111473167050986645,live_epoch_0098,98,12250,13,q13_realized_surprise_locality,0.016047154095455096,,0.615,0.615,0.10516011047363281,uniform
uniform_live_quality_seed7111473167050986645,live_epoch_0099,99,12375,13,q13_realized_surprise_locality,0.00443580703612978,,0.613,0.613,0.10320265579223632,uniform
uniform_live_quality_seed7111473167050986645,live_epoch_0100,100,12500,13,q13_realized_surprise_locality,0.005061943139283986,,0.6235,0.6234999999999999,0.10917238426208496,uniform
uniform_live_quality_seed7111473167050986645,live_epoch_0001,1,125,14,q14_gradient_locality,,degenerate_partition,0.4195,0.4195,0.0011213373318314551,uniform
uniform_live_quality_seed7111473167050986645,live_epoch_0002,2,250,14,q14_gradient_locality,,degenerate_partition,0.392,0.39199999999999996,0.0002901921896263957,uniform
uniform_live_quality_seed7111473167050986645,live_epoch_0003,3,375,14,q14_gradient_locality,0.48579875113201654,,0.3995,0.39949999999999997,0.00012927067186683415,uniform
uniform_live_quality_seed7111473167050986645,live_epoch_0004,4,500,14,q14_gradient_locality,0.43594542715123696,,0.4135,0.4135,0.00017340463353320956,uniform
uniform_live_quality_seed7111473167050986645,live_epoch_0005,5,625,14,q14_gradient_locality,0.3869432330788619,,0.414,0.414,7.838597777299583e-05,uniform
uniform_live_quality_seed7111473167050986645,live_epoch_0006,6,750,14,q14_gradient_locality,0.31690741331816197,,0.4175,0.4175,0.00013151315180584788,uniform
uniform_live_quality_seed7111473167050986645,live_epoch_0007,7,875,14,q14_gradient_locality,0.34452362703589146,,0.4205,0.4205,6.605390808545053e-05,uniform
uniform_live_quality_seed7111473167050986645,live_epoch_0008,8,1000,14,q14_gradient_locality,0.3239689928151578,,0.431,0.43099999999999994,6.425896589644253e-05,uniform
uniform_live_quality_seed7111473167050986645,live_epoch_0009,9,1125,14,q14_gradient_locality,0.2716054004098577,,0.4315,0.43149999999999994,6.084494199603796e-05,uniform
uniform_live_quality_seed7111473167050986645,live_epoch_0010,10,1250,14,q14_gradient_locality,0.2889653373307206,,0.428,0.428,5.844392580911517e-05,uniform
uniform_live_quality_seed7111473167050986645,live_epoch_0011,11,1375,14,q14_gradient_locality,0.25840194084161816,,0.426,0.426,5.508617148734629e-05,uniform
uniform_live_quality_seed7111473167050986645,live_epoch_0012,12,1500,14,q14_gradient_locality,0.26447028142584605,,0.4355,0.43549999999999994,5.390474852174521e-05,uniform
uniform_live_quality_seed7111473167050986645,live_epoch_0013,13,1625,14,q14_gradient_locality,0.26651987668809196,,0.4365,0.43649999999999994,5.2589790197089315e-05,uniform
uniform_live_quality_seed7111473167050986645,live_epoch_0014,14,1750,14,q14_gradient_locality,0.21528166394702342,,0.435,0.435,5.4997465573251245e-05,uniform
uniform_live_quality_seed7111473167050986645,live_epoch_0015,15,1875,14,q14_gradient_locality,0.20297872216452317,,0.436,0.436,5.163274868391454e-05,uniform
uniform_live_quality_seed7111473167050986645,live_epoch_0016,16,2000,14,q14_gradient_locality,0.1700316816304196,,0.4345,0.43449999999999994,5.3632036782801154e-05,uniform
uniform_live_quality_seed7111473167050986645,live_epoch_0017,17,2125,14,q14_gradient_locality,0.16539772369291483,,0.431,0.431,5.503734084777534e-05,uniform
uniform_live_quality_seed7111473167050986645,live_epoch_0018,18,2250,14,q14_gradient_locality,0.2676667603244828,,0.435,0.43499999999999994,5.960970651358366e-05,uniform
uniform_live_quality_seed7111473167050986645,live_epoch_0019,19,2375,14,q14_gradient_locality,0.21207617302322346,,0.4325,0.4325,6.558159808628262e-05,uniform
uniform_live_quality_seed7111473167050986645,live_epoch_0020,20,2500,14,q14_gradient_locality,,degenerate_partition,0.433,0.433,7.839183881878853e-05,uniform
uniform_live_quality_seed7111473167050986645,live_epoch_0021,21,2625,14,q14_gradient_locality,0.23362028478042673,,0.4255,0.4255,0.00010045370319858193,uniform
uniform_live_quality_seed7111473167050986645,live_epoch_0022,22,2750,14,q14_gradient_locality,0.21428730013129693,,0.4255,0.4255,0.0001359921428374946,uniform
uniform_live_quality_seed7111473167050986645,live_epoch_0023,23,2875,14,q14_gradient_locality,,degenerate_partition,0.4115,0.4115,0.0002048513637855649,uniform
uniform_live_quality_seed7111473167050986645,live_epoch_0024,24,3000,14,q14_gradient_locality,,degenerate_partition,0.4005,0.40049999999999997,0.0010367267318069934,uniform
uniform_live_quality_seed7111473167050986645,live_epoch_0025,25,3125,14,q14_gradient_locality,,degenerate_partition,0.386,0.38599999999999995,0.003345674552023411,uniform
uniform_live_quality_seed7111473167050986645,live_epoch_0026,26,3250,14,q14_gradient_locality,,degenerate_partition,0.3985,0.3985,0.0060667493641376495,uniform
uniform_live_quality_seed7111473167050986645,live_epoch_0027,27,3375,14,q14_gradient_locality,,degenerate_partition,0.3695,0.36950000000000005,0.013429269298911094,uniform
uniform_live_quality_seed7111473167050986645,live_epoch_0028,28,3500,14,q14_gradient_locality,,degenerate_partition,0.358,0.358,0.03115568393468857,uniform
uniform_live_quality_seed7111473167050986645,live_epoch_0029,29,3625,14,q14_gradient_locality,,degenerate_partition,0.3425,0.3425,0.056627493262290954,uniform
uniform_live_quality_seed7111473167050986645,live_epoch_0030,30,3750,14,q14_gradient_locality,,degenerate_partition,0.3635,0.3635,0.09948172736167908,uniform
uniform_live_quality_seed7111473167050986645,live_epoch_0031,31,3875,14,q14_gradient_locality,0.4187279203788129,,0.3955,0.39549999999999996,0.1050968461036682,uniform
uniform_live_quality_seed7111473167050986645,live_epoch_0032,32,4000,14,q14_gradient_locality,0.45233255344944656,,0.393,0.393,0.12442151761054993,uniform
uniform_live_quality_seed7111473167050986645,live_epoch_0033,33,4125,14,q14_gradient_locality,,degenerate_partition,0.395,0.395,0.10571711552143097,uniform
uniform_live_quality_seed7111473167050986645,live_epoch_0034,34,4250,14,q14_gradient_locality,0.37935227274933436,,0.401,0.401,0.11233610916137696,uniform
uniform_live_quality_seed7111473167050986645,live_epoch_0035,35,4375,14,q14_gradient_locality,,degenerate_partition,0.3975,0.3975,0.11043914377689362,uniform
uniform_live_quality_seed7111473167050986645,live_epoch_0036,36,4500,14,q14_gradient_locality,,degenerate_partition,0.3965,0.3965,0.10376330041885376,uniform
uniform_live_quality_seed7111473167050986645,live_epoch_0037,37,4625,14,q14_gradient_locality,0.4051742446998078,,0.421,0.421,0.1082879683971405,uniform
uniform_live_quality_seed7111473167050986645,live_epoch_0038,38,4750,14,q14_gradient_locality,0.43623248798338055,,0.42,0.42,0.10512582957744598,uniform
uniform_live_quality_seed7111473167050986645,live_epoch_0039,39,4875,14,q14_gradient_locality,,degenerate_partition,0.4345,0.43450000000000005,0.10733225798606873,uniform
uniform_live_quality_seed7111473167050986645,live_epoch_0040,40,5000,14,q14_gradient_locality,0.4673220648297358,,0.426,0.42600000000000005,0.10427827513217926,uniform
uniform_live_quality_seed7111473167050986645,live_epoch_0041,41,5125,14,q14_gradient_locality,0.4351428036624595,,0.4255,0.4255,0.09806675982475281,uniform
uniform_live_quality_seed7111473167050986645,live_epoch_0042,42,5250,14,q14_gradient_locality,0.41347636681028865,,0.44,0.44,0.09902878022193909,uniform
uniform_live_quality_seed7111473167050986645,live_epoch_0043,43,5375,14,q14_gradient_locality,0.4044150205250544,,0.459,0.459,0.09427746748924255,uniform
uniform_live_quality_seed7111473167050986645,live_epoch_0044,44,5500,14,q14_gradient_locality,0.4245494462549949,,0.44,0.44,0.09379401409626006,uniform
uniform_live_quality_seed7111473167050986645,live_epoch_0045,45,5625,14,q14_gradient_locality,0.4088363126097686,,0.444,0.444,0.09166138148307801,uniform
uniform_live_quality_seed7111473167050986645,live_epoch_0046,46,5750,14,q14_gradient_locality,0.47197297089020673,,0.435,0.43500000000000005,0.09129389607906342,uniform
uniform_live_quality_seed7111473167050986645,live_epoch_0047,47,5875,14,q14_gradient_locality,0.4755199345803359,,0.4405,0.4405,0.09181567740440369,uniform
uniform_live_quality_seed7111473167050986645,live_epoch_0048,48,6000,14,q14_gradient_locality,0.44699403490989575,,0.424,0.424,0.09308186984062194,uniform
uniform_live_quality_seed7111473167050986645,live_epoch_0049,49,6125,14,q14_gradient_locality,0.48411344310497606,,0.433,0.433,0.09291269564628601,uniform
uniform_live_quality_seed7111473167050986645,live_epoch_0050,50,6250,14,q14_gradient_locality,0.4644192953947667,,0.4425,0.4425,0.09371004223823548,uniform
uniform_live_quality_seed7111473167050986645,live_epoch_0051,51,6375,14,q14_gradient_locality,0.4512507776755086,,0.428,0.42800000000000005,0.09500530290603637,uniform
uniform_live_quality_seed7111473167050986645,live_epoch_0052,52,6500,14,q14_gradient_locality,0.4452259707210283,,0.427,0.42699999999999994,0.09625404715538025,uniform
uniform_live_quality_seed7111473167050986645,live_epoch_0053,53,6625,14,q14_gradient_locality,0.4853540089935017,,0.4405,0.4405,0.09607635998725891,uniform
uniform_live_quality_seed7111473167050986645,live_epoch_0054,54,6750,14,q14_gradient_locality,0.4826974727443448,,0.4445,0.4445,0.09568634295463561,uniform
uniform_live_quality_seed7111473167050986645,live_epoch_0055,55,6875,14,q14_gradient_locality,0.47467666949960385,,0.439,0.43899999999999995,0.10051087927818299,uniform
uniform_live_quality_seed7111473167050986645,live_epoch_0056,56,7000,14,q14_gradient_locality,0.4950043758424819,,0.433,0.43299999999999994,0.10100525164604188,uniform
uniform_live_quality_seed7111473167050986645,live_epoch_0057,57,7125,14,q14_gradient_locality,0.4585774119084257,,0.4285,0.4285,0.1013157913684845,uniform
uniform_live_quality_seed7111473167050986645,live_epoch_0058,58,7250,14,q14_gradient_locality,0.44974222241365436,,0.443,0.44299999999999995,0.10295857286453247,uniform
uniform_live_quality_seed7111473167050986645,live_epoch_0059,59,7375,14,q14_gradient_locality,0.4456846212921747,,0.4495,0.4495,0.10294777154922485,uniform
uniform_live_quality_seed7111473167050986645,live_epoch_0060,60,7500,14,q14_gradient_locality,0.4599359968895832,,0.469,0.469,0.10535053825378418,uniform
uniform_live_quality_seed7111473167050986645,live_epoch_0061,61,7625,14,q14_gradient_locality,0.457606055479968,,0.4775,0.47750000000000004,0.10395824193954467,uniform
uniform_live_quality_seed7111473167050986645,live_epoch_0062,62,7750,14,q14_gradient_locality,0.43875180786235757,,0.5045,0.5045000000000001,0.10320230007171631,uniform
uniform_live_quality_seed7111473167050986645,live_epoch_0063,63,7875,14,q14_gradient_locality,0.4818843826309872,,0.4955,0.49550000000000005,0.10549554944038392,uniform
uniform_live_quality_seed7111473167050986645,live_epoch_0064,64,8000,14,q14_gradient_locality,0.4592639443034049,,0.5045,0.5045,0.10387999415397645,uniform
uniform_live_quality_seed7111473167050986645,live_epoch_0065,65,8125,14,q14_gradient_locality,0.4737337128817337,,0.503,0.503,0.10445783424377442,uniform
uniform_live_quality_seed7111473167050986645,live_epoch_0066,66,8250,14,q14_gradient_locality,0.4655731903460266,,0.5095,0.5095000000000001,0.10450446462631226,uniform
uniform_live_quality_seed7111473167050986645,live_epoch_0067,67,8375,14,q14_gradient_locality,0.4610479221455732,,0.5165,0.5165,0.10628911423683167,uniform
uniform_live_quality_seed7111473167050986645,live_epoch_0068,68,8500,14,q14_gradient_locality,0.4448593645356277,,0.509,0.509,0.10491162157058716,uniform
uniform_live_quality_seed7111473167050986645,live_epoch_0069,69,8625,14,q14_gradient_locality,0.4479736600857762,,0.5165,0.5165,0.10478554248809814,uniform
uniform_live_quality_seed7111473167050986645,live_epoch_0070,70,8750,14,q14_gradient_locality,0.4548871927404058,,0.526,0.526,0.10515108442306519,uniform
uniform_live_quality_seed7111473167050986645,live_epoch_0071,71,8875,14,q14_gradient_locality,0.48386017999643915,,0.532,0.532,0.10542909002304077,uniform
uniform_live_quality_seed7111473167050986645,live_epoch_0072,72,9000,14,q14_gradient_locality,0.416597185702288,,0.547,0.5469999999999999,0.10938835644721985,uniform
uniform_live_quality_seed7111473167050986645,live_epoch_0073,73,9125,14,q14_gradient_locality,0.44044801437053016,,0.53,0.53,0.10520164799690247,uniform
uniform_live_quality_seed7111473167050986645,live_epoch_0074,74,9250,14,q14_gradient_locality,0.4587331077196878,,0.541,0.5409999999999999,0.1059716911315918,uniform
uniform_live_quality_seed7111473167050986645,live_epoch_0075,75,9375,14,q14_gradient_locality,0.4505119679064111,,0.5585,0.5585,0.10875931549072265,uniform
uniform_live_quality_seed7111473167050986645,live_epoch_0076,76,9500,14,q14_gradient_locality,0.4475907381826141,,0.5575,0.5575,0.10576828289031982,uniform
uniform_live_quality_seed7111473167050986645,live_epoch_0077,77,9625,14,q14_gradient_locality,0.4486221376119659,,0.5525,0.5525,0.10509442782402038,uniform
uniform_live_quality_seed7111473167050986645,live_epoch_0078,78,9750,14,q14_gradient_locality,0.4708031767928913,,0.5555,0.5555,0.10417660427093506,uniform
uniform_live_quality_seed7111473167050986645,live_epoch_0079,79,9875,14,q14_gradient_locality,0.41739238878879703,,0.558,0.558,0.10485398697853088,uniform
uniform_live_quality_seed7111473167050986645,live_epoch_0080,80,10000,14,q14_gradient_locality,0.42246223886744505,,0.5555,0.5555,0.10604727077484132,uniform
uniform_live_quality_seed7111473167050986645,live_epoch_0081,81,10125,14,q14_gradient_locality,0.4383584212247512,,0.562,0.562,0.10598238253593445,uniform
uniform_live_quality_seed7111473167050986645,live_epoch_0082,82,10250,14,q14_gradient_locality,0.47898318335811385,,0.551,0.5509999999999999,0.10721569752693176,uniform
uniform_live_quality_seed7111473167050986645,live_epoch_0083,83,10375,14,q14_gradient_locality,0.4251331339446167,,0.5525,0.5525,0.10503653478622436,uniform
uniform_live_quality_seed7111473167050986645,live_epoch_0084,84,10500,14,q14_gradient_locality,0.4863614103521813,,0.5535,0.5535,0.10542078185081481,uniform
uniform_live_quality_seed7111473167050986645,live_epoch_0085,85,10625,14,q14_gradient_locality,0.45268508602856483,,0.573,0.573,0.10830363798141479,uniform
uniform_live_quality_seed7111473167050986645,live_epoch_0086,86,10750,14,q14_gradient_locality,0.44174717238563876,,0.5655,0.5655000000000001,0.10777672719955445,uniform
uniform_live_quality_seed7111473167050986645,live_epoch_0087,87,10875,14,q14_gradient_locality,0.4990725448049529,,0.561,0.561,0.10287943577766419,uniform
uniform_live_quality_seed7111473167050986645,live_epoch_0088,88,11000,14,q14_gradient_locality,0.48775291407070154,,0.5735,0.5735,0.10605844211578369,uniform
uniform_live_quality_seed7111473167050986645,live_epoch_0089,89,11125,14,q14_gradient_locality,0.4425977512829691,,0.566,0.566,0.1059640610218048,uniform
uniform_live_quality_seed7111473167050986645,live_epoch_0090,90,11250,14,q14_gradient_locality,0.48247500806868293,,0.5845,0.5845,0.10424339008331299,uniform
uniform_live_quality_seed7111473167050986645,live_epoch_0091,91,11375,14,q14_gradient_locality,0.4607547315885122,,0.579,0.579,0.10716842889785766,uniform
uniform_live_quality_seed7111473167050986645,live_epoch_0092,92,11500,14,q14_gradient_locality,0.4989687372655389,,0.5925,0.5925,0.10801207733154297,uniform
uniform_live_quality_seed7111473167050986645,live_epoch_0093,93,11625,14,q14_gradient_locality,0.4269836849034291,,0.564,0.5640000000000001,0.1052492790222168,uniform
uniform_live_quality_seed7111473167050986645,live_epoch_0094,94,11750,14,q14_gradient_locality,0.4336331930697698,,0.59,0.59,0.10582787275314331,uniform
uniform_live_quality_seed7111473167050986645,live_epoch_0095,95,11875,14,q14_gradient_locality,0.43619757097015543,,0.5915,0.5915,0.10494300127029418,uniform
uniform_live_quality_seed7111473167050986645,live_epoch_0096,96,12000,14,q14_gradient_locality,0.4654082442378966,,0.604,0.604,0.10446972298622131,uniform
uniform_live_quality_seed7111473167050986645,live_epoch_0097,97,12125,14,q14_gradient_locality,0.41033378777159524,,0.608,0.608,0.10413691973686218,uniform
uniform_live_quality_seed7111473167050986645,live_epoch_0098,98,12250,14,q14_gradient_locality,0.4978754881052182,,0.615,0.615,0.10516011047363281,uniform
uniform_live_quality_seed7111473167050986645,live_epoch_0099,99,12375,14,q14_gradient_locality,0.4444984029576694,,0.613,0.613,0.10320265579223632,uniform
uniform_live_quality_seed7111473167050986645,live_epoch_0100,100,12500,14,q14_gradient_locality,0.4401218714206121,,0.6235,0.6234999999999999,0.10917238426208496,uniform
uniform_live_quality_seed7111473167050986645,live_epoch_0001,1,125,15,q15_virtual_interference,,degenerate_partition,0.4195,0.4195,0.0011213373318314551,uniform
uniform_live_quality_seed7111473167050986645,live_epoch_0002,2,250,15,q15_virtual_interference,,degenerate_partition,0.392,0.39199999999999996,0.0002901921896263957,uniform
uniform_live_quality_seed7111473167050986645,live_epoch_0003,3,375,15,q15_virtual_interference,1.566987285437803e-09,,0.3995,0.39949999999999997,0.00012927067186683415,uniform
uniform_live_quality_seed7111473167050986645,live_epoch_0004,4,500,15,q15_virtual_interference,1.476975857972311e-09,,0.4135,0.4135,0.00017340463353320956,uniform
uniform_live_quality_seed7111473167050986645,live_epoch_0005,5,625,15,q15_virtual_interference,4.868512389651279e-10,,0.414,0.414,7.838597777299583e-05,uniform
uniform_live_quality_seed7111473167050986645,live_epoch_0006,6,750,15,q15_virtual_interference,5.464096403121339e-10,,0.4175,0.4175,0.00013151315180584788,uniform
uniform_live_quality_seed7111473167050986645,live_epoch_0007,7,875,15,q15_virtual_interference,3.645775180079427e-10,,0.4205,0.4205,6.605390808545053e-05,uniform
uniform_live_quality_seed7111473167050986645,live_epoch_0008,8,1000,15,q15_virtual_interference,3.10422784311407e-10,,0.431,0.43099999999999994,6.425896589644253e-05,uniform
uniform_live_quality_seed7111473167050986645,live_epoch_0009,9,1125,15,q15_virtual_interference,9.185651652081353e-11,,0.4315,0.43149999999999994,6.084494199603796e-05,uniform
uniform_live_quality_seed7111473167050986645,live_epoch_0010,10,1250,15,q15_virtual_interference,6.70616071356913e-11,,0.428,0.428,5.844392580911517e-05,uniform
uniform_live_quality_seed7111473167050986645,live_epoch_0011,11,1375,15,q15_virtual_interference,3.951370240111637e-11,,0.426,0.426,5.508617148734629e-05,uniform
uniform_live_quality_seed7111473167050986645,live_epoch_0012,12,1500,15,q15_virtual_interference,2.6950717177744035e-11,,0.4355,0.43549999999999994,5.390474852174521e-05,uniform
uniform_live_quality_seed7111473167050986645,live_epoch_0013,13,1625,15,q15_virtual_interference,2.525332663631024e-11,,0.4365,0.43649999999999994,5.2589790197089315e-05,uniform
uniform_live_quality_seed7111473167050986645,live_epoch_0014,14,1750,15,q15_virtual_interference,7.104156088357796e-11,,0.435,0.435,5.4997465573251245e-05,uniform
uniform_live_quality_seed7111473167050986645,live_epoch_0015,15,1875,15,q15_virtual_interference,2.1404695651850997e-11,,0.436,0.436,5.163274868391454e-05,uniform
uniform_live_quality_seed7111473167050986645,live_epoch_0016,16,2000,15,q15_virtual_interference,6.799617831869355e-12,,0.4345,0.43449999999999994,5.3632036782801154e-05,uniform
uniform_live_quality_seed7111473167050986645,live_epoch_0017,17,2125,15,q15_virtual_interference,4.64870778436692e-12,,0.431,0.431,5.503734084777534e-05,uniform
uniform_live_quality_seed7111473167050986645,live_epoch_0018,18,2250,15,q15_virtual_interference,1.237441942921992e-11,,0.435,0.43499999999999994,5.960970651358366e-05,uniform
uniform_live_quality_seed7111473167050986645,live_epoch_0019,19,2375,15,q15_virtual_interference,4.807126866048518e-12,,0.4325,0.4325,6.558159808628262e-05,uniform
uniform_live_quality_seed7111473167050986645,live_epoch_0020,20,2500,15,q15_virtual_interference,,degenerate_partition,0.433,0.433,7.839183881878853e-05,uniform
uniform_live_quality_seed7111473167050986645,live_epoch_0021,21,2625,15,q15_virtual_interference,,degenerate_partition,0.4255,0.4255,0.00010045370319858193,uniform
uniform_live_quality_seed7111473167050986645,live_epoch_0022,22,2750,15,q15_virtual_interference,,degenerate_partition,0.4255,0.4255,0.0001359921428374946,uniform
uniform_live_quality_seed7111473167050986645,live_epoch_0023,23,2875,15,q15_virtual_interference,,degenerate_partition,0.4115,0.4115,0.0002048513637855649,uniform
uniform_live_quality_seed7111473167050986645,live_epoch_0024,24,3000,15,q15_virtual_interference,,degenerate_partition,0.4005,0.40049999999999997,0.0010367267318069934,uniform
uniform_live_quality_seed7111473167050986645,live_epoch_0025,25,3125,15,q15_virtual_interference,,degenerate_partition,0.386,0.38599999999999995,0.003345674552023411,uniform
uniform_live_quality_seed7111473167050986645,live_epoch_0026,26,3250,15,q15_virtual_interference,,degenerate_partition,0.3985,0.3985,0.0060667493641376495,uniform
uniform_live_quality_seed7111473167050986645,live_epoch_0027,27,3375,15,q15_virtual_interference,,degenerate_partition,0.3695,0.36950000000000005,0.013429269298911094,uniform
uniform_live_quality_seed7111473167050986645,live_epoch_0028,28,3500,15,q15_virtual_interference,,degenerate_partition,0.358,0.358,0.03115568393468857,uniform
uniform_live_quality_seed7111473167050986645,live_epoch_0029,29,3625,15,q15_virtual_interference,,degenerate_partition,0.3425,0.3425,0.056627493262290954,uniform
uniform_live_quality_seed7111473167050986645,live_epoch_0030,30,3750,15,q15_virtual_interference,,degenerate_partition,0.3635,0.3635,0.09948172736167908,uniform
uniform_live_quality_seed7111473167050986645,live_epoch_0031,31,3875,15,q15_virtual_interference,,degenerate_partition,0.3955,0.39549999999999996,0.1050968461036682,uniform
uniform_live_quality_seed7111473167050986645,live_epoch_0032,32,4000,15,q15_virtual_interference,,degenerate_partition,0.393,0.393,0.12442151761054993,uniform
uniform_live_quality_seed7111473167050986645,live_epoch_0033,33,4125,15,q15_virtual_interference,,degenerate_partition,0.395,0.395,0.10571711552143097,uniform
uniform_live_quality_seed7111473167050986645,live_epoch_0034,34,4250,15,q15_virtual_interference,,degenerate_partition,0.401,0.401,0.11233610916137696,uniform
uniform_live_quality_seed7111473167050986645,live_epoch_0035,35,4375,15,q15_virtual_interference,,degenerate_partition,0.3975,0.3975,0.11043914377689362,uniform
uniform_live_quality_seed7111473167050986645,live_epoch_0036,36,4500,15,q15_virtual_interference,,degenerate_partition,0.3965,0.3965,0.10376330041885376,uniform
uniform_live_quality_seed7111473167050986645,live_epoch_0037,37,4625,15,q15_virtual_interference,2.5119485422421694e-08,,0.421,0.421,0.1082879683971405,uniform
uniform_live_quality_seed7111473167050986645,live_epoch_0038,38,4750,15,q15_virtual_interference,9.030280293458625e-08,,0.42,0.42,0.10512582957744598,uniform
uniform_live_quality_seed7111473167050986645,live_epoch_0039,39,4875,15,q15_virtual_interference,,degenerate_partition,0.4345,0.43450000000000005,0.10733225798606873,uniform
uniform_live_quality_seed7111473167050986645,live_epoch_0040,40,5000,15,q15_virtual_interference,,degenerate_partition,0.426,0.42600000000000005,0.10427827513217926,uniform
uniform_live_quality_seed7111473167050986645,live_epoch_0041,41,5125,15,q15_virtual_interference,,degenerate_partition,0.4255,0.4255,0.09806675982475281,uniform
uniform_live_quality_seed7111473167050986645,live_epoch_0042,42,5250,15,q15_virtual_interference,,degenerate_partition,0.44,0.44,0.09902878022193909,uniform
uniform_live_quality_seed7111473167050986645,live_epoch_0043,43,5375,15,q15_virtual_interference,,degenerate_partition,0.459,0.459,0.09427746748924255,uniform
uniform_live_quality_seed7111473167050986645,live_epoch_0044,44,5500,15,q15_virtual_interference,9.103992445574705e-08,,0.44,0.44,0.09379401409626006,uniform
uniform_live_quality_seed7111473167050986645,live_epoch_0045,45,5625,15,q15_virtual_interference,2.1657477501194983e-08,,0.444,0.444,0.09166138148307801,uniform
uniform_live_quality_seed7111473167050986645,live_epoch_0046,46,5750,15,q15_virtual_interference,4.513158744795976e-08,,0.435,0.43500000000000005,0.09129389607906342,uniform
uniform_live_quality_seed7111473167050986645,live_epoch_0047,47,5875,15,q15_virtual_interference,5.48976036734193e-08,,0.4405,0.4405,0.09181567740440369,uniform
uniform_live_quality_seed7111473167050986645,live_epoch_0048,48,6000,15,q15_virtual_interference,2.393527791522341e-08,,0.424,0.424,0.09308186984062194,uniform
uniform_live_quality_seed7111473167050986645,live_epoch_0049,49,6125,15,q15_virtual_interference,6.566991232673572e-08,,0.433,0.433,0.09291269564628601,uniform
uniform_live_quality_seed7111473167050986645,live_epoch_0050,50,6250,15,q15_virtual_interference,7.686807463786383e-08,,0.4425,0.4425,0.09371004223823548,uniform
uniform_live_quality_seed7111473167050986645,live_epoch_0051,51,6375,15,q15_virtual_interference,2.9733363925851423e-08,,0.428,0.42800000000000005,0.09500530290603637,uniform
uniform_live_quality_seed7111473167050986645,live_epoch_0052,52,6500,15,q15_virtual_interference,7.080522238329721e-08,,0.427,0.42699999999999994,0.09625404715538025,uniform
uniform_live_quality_seed7111473167050986645,live_epoch_0053,53,6625,15,q15_virtual_interference,5.2899497816208206e-08,,0.4405,0.4405,0.09607635998725891,uniform
uniform_live_quality_seed7111473167050986645,live_epoch_0054,54,6750,15,q15_virtual_interference,1.5610288434444614e-07,,0.4445,0.4445,0.09568634295463561,uniform
uniform_live_quality_seed7111473167050986645,live_epoch_0055,55,6875,15,q15_virtual_interference,9.356437756819811e-08,,0.439,0.43899999999999995,0.10051087927818299,uniform
uniform_live_quality_seed7111473167050986645,live_epoch_0056,56,7000,15,q15_virtual_interference,8.752271601498155e-08,,0.433,0.43299999999999994,0.10100525164604188,uniform
uniform_live_quality_seed7111473167050986645,live_epoch_0057,57,7125,15,q15_virtual_interference,1.5090432034646338e-07,,0.4285,0.4285,0.1013157913684845,uniform
uniform_live_quality_seed7111473167050986645,live_epoch_0058,58,7250,15,q15_virtual_interference,1.0040178155599247e-07,,0.443,0.44299999999999995,0.10295857286453247,uniform
uniform_live_quality_seed7111473167050986645,live_epoch_0059,59,7375,15,q15_virtual_interference,1.979963755193361e-07,,0.4495,0.4495,0.10294777154922485,uniform
uniform_live_quality_seed7111473167050986645,live_epoch_0060,60,7500,15,q15_virtual_interference,1.1249483889922191e-07,,0.469,0.469,0.10535053825378418,uniform
uniform_live_quality_seed7111473167050986645,live_epoch_0061,61,7625,15,q15_virtual_interference,8.685217094462096e-08,,0.4775,0.47750000000000004,0.10395824193954467,uniform
uniform_live_quality_seed7111473167050986645,live_epoch_0062,62,7750,15,q15_virtual_interference,2.8246714901683684e-07,,0.5045,0.5045000000000001,0.10320230007171631,uniform
uniform_live_quality_seed7111473167050986645,live_epoch_0063,63,7875,15,q15_virtual_interference,2.3061192150586635e-07,,0.4955,0.49550000000000005,0.10549554944038392,uniform
uniform_live_quality_seed7111473167050986645,live_epoch_0064,64,8000,15,q15_virtual_interference,2.5565573793878546e-07,,0.5045,0.5045,0.10387999415397645,uniform
uniform_live_quality_seed7111473167050986645,live_epoch_0065,65,8125,15,q15_virtual_interference,2.877897238364258e-07,,0.503,0.503,0.10445783424377442,uniform
uniform_live_quality_seed7111473167050986645,live_epoch_0066,66,8250,15,q15_virtual_interference,8.850326508498545e-08,,0.5095,0.5095000000000001,0.10450446462631226,uniform
uniform_live_quality_seed7111473167050986645,live_epoch_0067,67,8375,15,q15_virtual_interference,1.1765857500393974e-07,,0.5165,0.5165,0.10628911423683167,uniform
uniform_live_quality_seed7111473167050986645,live_epoch_0068,68,8500,15,q15_virtual_interference,1.1824350014157062e-07,,0.509,0.509,0.10491162157058716,uniform
uniform_live_quality_seed7111473167050986645,live_epoch_0069,69,8625,15,q15_virtual_interference,7.346292851925357e-08,,0.5165,0.5165,0.10478554248809814,uniform
uniform_live_quality_seed7111473167050986645,live_epoch_0070,70,8750,15,q15_virtual_interference,1.055929727218201e-07,,0.526,0.526,0.10515108442306519,uniform
uniform_live_quality_seed7111473167050986645,live_epoch_0071,71,8875,15,q15_virtual_interference,7.488078407047304e-08,,0.532,0.532,0.10542909002304077,uniform
uniform_live_quality_seed7111473167050986645,live_epoch_0072,72,9000,15,q15_virtual_interference,8.471085404755134e-08,,0.547,0.5469999999999999,0.10938835644721985,uniform
uniform_live_quality_seed7111473167050986645,live_epoch_0073,73,9125,15,q15_virtual_interference,7.22464806007512e-08,,0.53,0.53,0.10520164799690247,uniform
uniform_live_quality_seed7111473167050986645,live_epoch_0074,74,9250,15,q15_virtual_interference,1.3510731027477175e-07,,0.541,0.5409999999999999,0.1059716911315918,uniform
uniform_live_quality_seed7111473167050986645,live_epoch_0075,75,9375,15,q15_virtual_interference,1.954489099944504e-07,,0.5585,0.5585,0.10875931549072265,uniform
uniform_live_quality_seed7111473167050986645,live_epoch_0076,76,9500,15,q15_virtual_interference,3.512406513017684e-07,,0.5575,0.5575,0.10576828289031982,uniform
uniform_live_quality_seed7111473167050986645,live_epoch_0077,77,9625,15,q15_virtual_interference,4.829205400454734e-07,,0.5525,0.5525,0.10509442782402038,uniform
uniform_live_quality_seed7111473167050986645,live_epoch_0078,78,9750,15,q15_virtual_interference,1.468286360750231e-07,,0.5555,0.5555,0.10417660427093506,uniform
uniform_live_quality_seed7111473167050986645,live_epoch_0079,79,9875,15,q15_virtual_interference,7.973531056464458e-07,,0.558,0.558,0.10485398697853088,uniform
uniform_live_quality_seed7111473167050986645,live_epoch_0080,80,10000,15,q15_virtual_interference,5.349439263273925e-07,,0.5555,0.5555,0.10604727077484132,uniform
uniform_live_quality_seed7111473167050986645,live_epoch_0081,81,10125,15,q15_virtual_interference,9.508135434564132e-07,,0.562,0.562,0.10598238253593445,uniform
uniform_live_quality_seed7111473167050986645,live_epoch_0082,82,10250,15,q15_virtual_interference,1.65313657856529e-07,,0.551,0.5509999999999999,0.10721569752693176,uniform
uniform_live_quality_seed7111473167050986645,live_epoch_0083,83,10375,15,q15_virtual_interference,1.058063381456441e-06,,0.5525,0.5525,0.10503653478622436,uniform
uniform_live_quality_seed7111473167050986645,live_epoch_0084,84,10500,15,q15_virtual_interference,2.9709815146721744e-07,,0.5535,0.5535,0.10542078185081481,uniform
uniform_live_quality_seed7111473167050986645,live_epoch_0085,85,10625,15,q15_virtual_interference,3.3464894393364148e-06,,0.573,0.573,0.10830363798141479,uniform
uniform_live_quality_seed7111473167050986645,live_epoch_0086,86,10750,15,q15_virtual_interference,6.040202833924871e-07,,0.5655,0.5655000000000001,0.10777672719955445,uniform
uniform_live_quality_seed7111473167050986645,live_epoch_0087,87,10875,15,q15_virtual_interference,1.0919744333630118e-06,,0.561,0.561,0.10287943577766419,uniform
uniform_live_quality_seed7111473167050986645,live_epoch_0088,88,11000,15,q15_virtual_interference,1.211928299484428e-06,,0.5735,0.5735,0.10605844211578369,uniform
uniform_live_quality_seed7111473167050986645,live_epoch_0089,89,11125,15,q15_virtual_interference,1.443293944983526e-05,,0.566,0.566,0.1059640610218048,uniform
uniform_live_quality_seed7111473167050986645,live_epoch_0090,90,11250,15,q15_virtual_interference,1.1491995310912952e-06,,0.5845,0.5845,0.10424339008331299,uniform
uniform_live_quality_seed7111473167050986645,live_epoch_0091,91,11375,15,q15_virtual_interference,1.2922623054854156e-06,,0.579,0.579,0.10716842889785766,uniform
uniform_live_quality_seed7111473167050986645,live_epoch_0092,92,11500,15,q15_virtual_interference,9.067694524583631e-07,,0.5925,0.5925,0.10801207733154297,uniform
uniform_live_quality_seed7111473167050986645,live_epoch_0093,93,11625,15,q15_virtual_interference,1.293808506411185e-06,,0.564,0.5640000000000001,0.1052492790222168,uniform
uniform_live_quality_seed7111473167050986645,live_epoch_0094,94,11750,15,q15_virtual_interference,2.264093095198576e-06,,0.59,0.59,0.10582787275314331,uniform
uniform_live_quality_seed7111473167050986645,live_epoch_0095,95,11875,15,q15_virtual_interference,3.3003708669849386e-06,,0.5915,0.5915,0.10494300127029418,uniform
uniform_live_quality_seed7111473167050986645,live_epoch_0096,96,12000,15,q15_virtual_interference,1.851220161299149e-06,,0.604,0.604,0.10446972298622131,uniform
uniform_live_quality_seed7111473167050986645,live_epoch_0097,97,12125,15,q15_virtual_interference,1.7786725379404666e-06,,0.608,0.608,0.10413691973686218,uniform
uniform_live_quality_seed7111473167050986645,live_epoch_0098,98,12250,15,q15_virtual_interference,2.854624107287679e-06,,0.615,0.615,0.10516011047363281,uniform
uniform_live_quality_seed7111473167050986645,live_epoch_0099,99,12375,15,q15_virtual_interference,1.4242888584651497e-06,,0.613,0.613,0.10320265579223632,uniform
uniform_live_quality_seed7111473167050986645,live_epoch_0100,100,12500,15,q15_virtual_interference,2.1472746205071064e-06,,0.6235,0.6234999999999999,0.10917238426208496,uniform
uniform_live_quality_seed7111473167050986645,live_epoch_0001,1,125,16,q16_entity_consistency,,degenerate_partition,0.4195,0.4195,0.0011213373318314551,uniform
uniform_live_quality_seed7111473167050986645,live_epoch_0002,2,250,16,q16_entity_consistency,,degenerate_partition,0.392,0.39199999999999996,0.0002901921896263957,uniform
uniform_live_quality_seed7111473167050986645,live_epoch_0003,3,375,16,q16_entity_consistency,,degenerate_partition,0.3995,0.39949999999999997,0.00012927067186683415,uniform
uniform_live_quality_seed7111473167050986645,live_epoch_0004,4,500,16,q16_entity_consistency,,degenerate_partition,0.4135,0.4135,0.00017340463353320956,uniform
uniform_live_quality_seed7111473167050986645,live_epoch_0005,5,625,16,q16_entity_consistency,,degenerate_partition,0.414,0.414,7.838597777299583e-05,uniform
uniform_live_quality_seed7111473167050986645,live_epoch_0006,6,750,16,q16_entity_consistency,,degenerate_partition,0.4175,0.4175,0.00013151315180584788,uniform
uniform_live_quality_seed7111473167050986645,live_epoch_0007,7,875,16,q16_entity_consistency,,degenerate_partition,0.4205,0.4205,6.605390808545053e-05,uniform
uniform_live_quality_seed7111473167050986645,live_epoch_0008,8,1000,16,q16_entity_consistency,,degenerate_partition,0.431,0.43099999999999994,6.425896589644253e-05,uniform
uniform_live_quality_seed7111473167050986645,live_epoch_0009,9,1125,16,q16_entity_consistency,,degenerate_partition,0.4315,0.43149999999999994,6.084494199603796e-05,uniform
uniform_live_quality_seed7111473167050986645,live_epoch_0010,10,1250,16,q16_entity_consistency,,degenerate_partition,0.428,0.428,5.844392580911517e-05,uniform
uniform_live_quality_seed7111473167050986645,live_epoch_0011,11,1375,16,q16_entity_consistency,,degenerate_partition,0.426,0.426,5.508617148734629e-05,uniform
uniform_live_quality_seed7111473167050986645,live_epoch_0012,12,1500,16,q16_entity_consistency,,degenerate_partition,0.4355,0.43549999999999994,5.390474852174521e-05,uniform
uniform_live_quality_seed7111473167050986645,live_epoch_0013,13,1625,16,q16_entity_consistency,,degenerate_partition,0.4365,0.43649999999999994,5.2589790197089315e-05,uniform
uniform_live_quality_seed7111473167050986645,live_epoch_0014,14,1750,16,q16_entity_consistency,,degenerate_partition,0.435,0.435,5.4997465573251245e-05,uniform
uniform_live_quality_seed7111473167050986645,live_epoch_0015,15,1875,16,q16_entity_consistency,,degenerate_partition,0.436,0.436,5.163274868391454e-05,uniform
uniform_live_quality_seed7111473167050986645,live_epoch_0016,16,2000,16,q16_entity_consistency,,degenerate_partition,0.4345,0.43449999999999994,5.3632036782801154e-05,uniform
uniform_live_quality_seed7111473167050986645,live_epoch_0017,17,2125,16,q16_entity_consistency,,degenerate_partition,0.431,0.431,5.503734084777534e-05,uniform
uniform_live_quality_seed7111473167050986645,live_epoch_0018,18,2250,16,q16_entity_consistency,,degenerate_partition,0.435,0.43499999999999994,5.960970651358366e-05,uniform
uniform_live_quality_seed7111473167050986645,live_epoch_0019,19,2375,16,q16_entity_consistency,,degenerate_partition,0.4325,0.4325,6.558159808628262e-05,uniform
uniform_live_quality_seed7111473167050986645,live_epoch_0020,20,2500,16,q16_entity_consistency,,degenerate_partition,0.433,0.433,7.839183881878853e-05,uniform
uniform_live_quality_seed7111473167050986645,live_epoch_0021,21,2625,16,q16_entity_consistency,,degenerate_partition,0.4255,0.4255,0.00010045370319858193,uniform
uniform_live_quality_seed7111473167050986645,live_epoch_0022,22,2750,16,q16_entity_consistency,,degenerate_partition,0.4255,0.4255,0.0001359921428374946,uniform
uniform_live_quality_seed7111473167050986645,live_epoch_0023,23,2875,16,q16_entity_consistency,,degenerate_partition,0.4115,0.4115,0.0002048513637855649,uniform
uniform_live_quality_seed7111473167050986645,live_epoch_0024,24,3000,16,q16_entity_consistency,,degenerate_partition,0.4005,0.40049999999999997,0.0010367267318069934,uniform
uniform_live_quality_seed7111473167050986645,live_epoch_0025,25,3125,16,q16_entity_consistency,,degenerate_partition,0.386,0.38599999999999995,0.003345674552023411,uniform
uniform_live_quality_seed7111473167050986645,live_epoch_0026,26,3250,16,q16_entity_consistency,,degenerate_partition,0.3985,0.3985,0.0060667493641376495,uniform
uniform_live_quality_seed7111473167050986645,live_epoch_0027,27,3375,16,q16_entity_consistency,,degenerate_partition,0.3695,0.36950000000000005,0.013429269298911094,uniform
uniform_live_quality_seed7111473167050986645,live_epoch_0028,28,3500,16,q16_entity_consistency,0.006370972713136994,,0.358,0.358,0.03115568393468857,uniform
uniform_live_quality_seed7111473167050986645,live_epoch_0029,29,3625,16,q16_entity_consistency,0.0039702437776383635,,0.3425,0.3425,0.056627493262290954,uniform
uniform_live_quality_seed7111473167050986645,live_epoch_0030,30,3750,16,q16_entity_consistency,0.11076068709964065,,0.3635,0.3635,0.09948172736167908,uniform
uniform_live_quality_seed7111473167050986645,live_epoch_0031,31,3875,16,q16_entity_consistency,0.032271670788846046,,0.3955,0.39549999999999996,0.1050968461036682,uniform
uniform_live_quality_seed7111473167050986645,live_epoch_0032,32,4000,16,q16_entity_consistency,0.008003789014203113,,0.393,0.393,0.12442151761054993,uniform
uniform_live_quality_seed7111473167050986645,live_epoch_0033,33,4125,16,q16_entity_consistency,0.017793259214818558,,0.395,0.395,0.10571711552143097,uniform
uniform_live_quality_seed7111473167050986645,live_epoch_0034,34,4250,16,q16_entity_consistency,0.017578762635487234,,0.401,0.401,0.11233610916137696,uniform
uniform_live_quality_seed7111473167050986645,live_epoch_0035,35,4375,16,q16_entity_consistency,0.018470141048322654,,0.3975,0.3975,0.11043914377689362,uniform
uniform_live_quality_seed7111473167050986645,live_epoch_0036,36,4500,16,q16_entity_consistency,0.01976386067851982,,0.3965,0.3965,0.10376330041885376,uniform
uniform_live_quality_seed7111473167050986645,live_epoch_0037,37,4625,16,q16_entity_consistency,0.01966602294600568,,0.421,0.421,0.1082879683971405,uniform
uniform_live_quality_seed7111473167050986645,live_epoch_0038,38,4750,16,q16_entity_consistency,0.02733496534180868,,0.42,0.42,0.10512582957744598,uniform
uniform_live_quality_seed7111473167050986645,live_epoch_0039,39,4875,16,q16_entity_consistency,0.03822323668928157,,0.4345,0.43450000000000005,0.10733225798606873,uniform
uniform_live_quality_seed7111473167050986645,live_epoch_0040,40,5000,16,q16_entity_consistency,0.07085409857492363,,0.426,0.42600000000000005,0.10427827513217926,uniform
uniform_live_quality_seed7111473167050986645,live_epoch_0041,41,5125,16,q16_entity_consistency,0.12015414812188668,,0.4255,0.4255,0.09806675982475281,uniform
uniform_live_quality_seed7111473167050986645,live_epoch_0042,42,5250,16,q16_entity_consistency,0.13227102217754838,,0.44,0.44,0.09902878022193909,uniform
uniform_live_quality_seed7111473167050986645,live_epoch_0043,43,5375,16,q16_entity_consistency,0.05521416962139877,,0.459,0.459,0.09427746748924255,uniform
uniform_live_quality_seed7111473167050986645,live_epoch_0044,44,5500,16,q16_entity_consistency,0.494979350550553,,0.44,0.44,0.09379401409626006,uniform
uniform_live_quality_seed7111473167050986645,live_epoch_0045,45,5625,16,q16_entity_consistency,0.09596403608938273,,0.444,0.444,0.09166138148307801,uniform
uniform_live_quality_seed7111473167050986645,live_epoch_0046,46,5750,16,q16_entity_consistency,0.23837339455291995,,0.435,0.43500000000000005,0.09129389607906342,uniform
uniform_live_quality_seed7111473167050986645,live_epoch_0047,47,5875,16,q16_entity_consistency,0.2424353001984292,,0.4405,0.4405,0.09181567740440369,uniform
uniform_live_quality_seed7111473167050986645,live_epoch_0048,48,6000,16,q16_entity_consistency,0.17212849866551902,,0.424,0.424,0.09308186984062194,uniform
uniform_live_quality_seed7111473167050986645,live_epoch_0049,49,6125,16,q16_entity_consistency,0.17829235046027966,,0.433,0.433,0.09291269564628601,uniform
uniform_live_quality_seed7111473167050986645,live_epoch_0050,50,6250,16,q16_entity_consistency,0.17959823987190285,,0.4425,0.4425,0.09371004223823548,uniform
uniform_live_quality_seed7111473167050986645,live_epoch_0051,51,6375,16,q16_entity_consistency,0.3209929776413641,,0.428,0.42800000000000005,0.09500530290603637,uniform
uniform_live_quality_seed7111473167050986645,live_epoch_0052,52,6500,16,q16_entity_consistency,0.1953646387035442,,0.427,0.42699999999999994,0.09625404715538025,uniform
uniform_live_quality_seed7111473167050986645,live_epoch_0053,53,6625,16,q16_entity_consistency,0.19363845540871621,,0.4405,0.4405,0.09607635998725891,uniform
uniform_live_quality_seed7111473167050986645,live_epoch_0054,54,6750,16,q16_entity_consistency,0.606014437030864,,0.4445,0.4445,0.09568634295463561,uniform
uniform_live_quality_seed7111473167050986645,live_epoch_0055,55,6875,16,q16_entity_consistency,0.48403568043416617,,0.439,0.43899999999999995,0.10051087927818299,uniform
uniform_live_quality_seed7111473167050986645,live_epoch_0056,56,7000,16,q16_entity_consistency,0.5456548458087751,,0.433,0.43299999999999994,0.10100525164604188,uniform
uniform_live_quality_seed7111473167050986645,live_epoch_0057,57,7125,16,q16_entity_consistency,0.5038909681450806,,0.4285,0.4285,0.1013157913684845,uniform
uniform_live_quality_seed7111473167050986645,live_epoch_0058,58,7250,16,q16_entity_consistency,0.41975907324498724,,0.443,0.44299999999999995,0.10295857286453247,uniform
uniform_live_quality_seed7111473167050986645,live_epoch_0059,59,7375,16,q16_entity_consistency,0.40863220148580937,,0.4495,0.4495,0.10294777154922485,uniform
uniform_live_quality_seed7111473167050986645,live_epoch_0060,60,7500,16,q16_entity_consistency,0.6241642722955272,,0.469,0.469,0.10535053825378418,uniform
uniform_live_quality_seed7111473167050986645,live_epoch_0061,61,7625,16,q16_entity_consistency,0.7523831935913554,,0.4775,0.47750000000000004,0.10395824193954467,uniform
uniform_live_quality_seed7111473167050986645,live_epoch_0062,62,7750,16,q16_entity_consistency,0.46176133009232634,,0.5045,0.5045000000000001,0.10320230007171631,uniform
uniform_live_quality_seed7111473167050986645,live_epoch_0063,63,7875,16,q16_entity_consistency,0.5286295316529819,,0.4955,0.49550000000000005,0.10549554944038392,uniform
uniform_live_quality_seed7111473167050986645,live_epoch_0064,64,8000,16,q16_entity_consistency,0.4123683361790885,,0.5045,0.5045,0.10387999415397645,uniform
uniform_live_quality_seed7111473167050986645,live_epoch_0065,65,8125,16,q16_entity_consistency,0.3594180450816901,,0.503,0.503,0.10445783424377442,uniform
uniform_live_quality_seed7111473167050986645,live_epoch_0066,66,8250,16,q16_entity_consistency,0.528711618579275,,0.5095,0.5095000000000001,0.10450446462631226,uniform
uniform_live_quality_seed7111473167050986645,live_epoch_0067,67,8375,16,q16_entity_consistency,0.5531150440589122,,0.5165,0.5165,0.10628911423683167,uniform
uniform_live_quality_seed7111473167050986645,live_epoch_0068,68,8500,16,q16_entity_consistency,0.3145109048857452,,0.509,0.509,0.10491162157058716,uniform
uniform_live_quality_seed7111473167050986645,live_epoch_0069,69,8625,16,q16_entity_consistency,0.32460064006231315,,0.5165,0.5165,0.10478554248809814,uniform
uniform_live_quality_seed7111473167050986645,live_epoch_0070,70,8750,16,q16_entity_consistency,0.4006187337074449,,0.526,0.526,0.10515108442306519,uniform
uniform_live_quality_seed7111473167050986645,live_epoch_0071,71,8875,16,q16_entity_consistency,0.21726515640352215,,0.532,0.532,0.10542909002304077,uniform
uniform_live_quality_seed7111473167050986645,live_epoch_0072,72,9000,16,q16_entity_consistency,0.18168628262374778,,0.547,0.5469999999999999,0.10938835644721985,uniform
uniform_live_quality_seed7111473167050986645,live_epoch_0073,73,9125,16,q16_entity_consistency,0.2145643550352151,,0.53,0.53,0.10520164799690247,uniform
uniform_live_quality_seed7111473167050986645,live_epoch_0074,74,9250,16,q16_entity_consistency,0.19050263711592777,,0.541,0.5409999999999999,0.1059716911315918,uniform
uniform_live_quality_seed7111473167050986645,live_epoch_0075,75,9375,16,q16_entity_consistency,0.33905756703491097,,0.5585,0.5585,0.10875931549072265,uniform
uniform_live_quality_seed7111473167050986645,live_epoch_0076,76,9500,16,q16_entity_consistency,0.25594152650351865,,0.5575,0.5575,0.10576828289031982,uniform
uniform_live_quality_seed7111473167050986645,live_epoch_0077,77,9625,16,q16_entity_consistency,0.2237908607369201,,0.5525,0.5525,0.10509442782402038,uniform
uniform_live_quality_seed7111473167050986645,live_epoch_0078,78,9750,16,q16_entity_consistency,0.2646252194321434,,0.5555,0.5555,0.10417660427093506,uniform
uniform_live_quality_seed7111473167050986645,live_epoch_0079,79,9875,16,q16_entity_consistency,0.33096347514728935,,0.558,0.558,0.10485398697853088,uniform
uniform_live_quality_seed7111473167050986645,live_epoch_0080,80,10000,16,q16_entity_consistency,0.3689143324130457,,0.5555,0.5555,0.10604727077484132,uniform
uniform_live_quality_seed7111473167050986645,live_epoch_0081,81,10125,16,q16_entity_consistency,0.39791616857755113,,0.562,0.562,0.10598238253593445,uniform
uniform_live_quality_seed7111473167050986645,live_epoch_0082,82,10250,16,q16_entity_consistency,0.3112086308581194,,0.551,0.5509999999999999,0.10721569752693176,uniform
uniform_live_quality_seed7111473167050986645,live_epoch_0083,83,10375,16,q16_entity_consistency,0.4166792484611887,,0.5525,0.5525,0.10503653478622436,uniform
uniform_live_quality_seed7111473167050986645,live_epoch_0084,84,10500,16,q16_entity_consistency,0.3426778067030955,,0.5535,0.5535,0.10542078185081481,uniform
uniform_live_quality_seed7111473167050986645,live_epoch_0085,85,10625,16,q16_entity_consistency,0.42115143443903397,,0.573,0.573,0.10830363798141479,uniform
uniform_live_quality_seed7111473167050986645,live_epoch_0086,86,10750,16,q16_entity_consistency,0.42974738413060426,,0.5655,0.5655000000000001,0.10777672719955445,uniform
uniform_live_quality_seed7111473167050986645,live_epoch_0087,87,10875,16,q16_entity_consistency,0.3986223947660834,,0.561,0.561,0.10287943577766419,uniform
uniform_live_quality_seed7111473167050986645,live_epoch_0088,88,11000,16,q16_entity_consistency,0.5595530804033213,,0.5735,0.5735,0.10605844211578369,uniform
uniform_live_quality_seed7111473167050986645,live_epoch_0089,89,11125,16,q16_entity_consistency,0.5680322261387958,,0.566,0.566,0.1059640610218048,uniform
uniform_live_quality_seed7111473167050986645,live_epoch_0090,90,11250,16,q16_entity_consistency,0.40618922817188885,,0.5845,0.5845,0.10424339008331299,uniform
uniform_live_quality_seed7111473167050986645,live_epoch_0091,91,11375,16,q16_entity_consistency,0.47915268360279806,,0.579,0.579,0.10716842889785766,uniform
uniform_live_quality_seed7111473167050986645,live_epoch_0092,92,11500,16,q16_entity_consistency,0.42109865100671773,,0.5925,0.5925,0.10801207733154297,uniform
uniform_live_quality_seed7111473167050986645,live_epoch_0093,93,11625,16,q16_entity_consistency,0.4759084936761615,,0.564,0.5640000000000001,0.1052492790222168,uniform
uniform_live_quality_seed7111473167050986645,live_epoch_0094,94,11750,16,q16_entity_consistency,0.3942091022064711,,0.59,0.59,0.10582787275314331,uniform
uniform_live_quality_seed7111473167050986645,live_epoch_0095,95,11875,16,q16_entity_consistency,0.6122057374814153,,0.5915,0.5915,0.10494300127029418,uniform
uniform_live_quality_seed7111473167050986645,live_epoch_0096,96,12000,16,q16_entity_consistency,0.6093469894694784,,0.604,0.604,0.10446972298622131,uniform
uniform_live_quality_seed7111473167050986645,live_epoch_0097,97,12125,16,q16_entity_consistency,0.5376035875843517,,0.608,0.608,0.10413691973686218,uniform
uniform_live_quality_seed7111473167050986645,live_epoch_0098,98,12250,16,q16_entity_consistency,0.5133267088676253,,0.615,0.615,0.10516011047363281,uniform
uniform_live_quality_seed7111473167050986645,live_epoch_0099,99,12375,16,q16_entity_consistency,0.5608253580357092,,0.613,0.613,0.10320265579223632,uniform
uniform_live_quality_seed7111473167050986645,live_epoch_0100,100,12500,16,q16_entity_consistency,0.591397294811846,,0.6235,0.6234999999999999,0.10917238426208496,uniform
uniform_live_quality_seed7111473167050986645,live_epoch_0001,1,125,17,q17_mask_transformation_residual,,degenerate_partition,0.4195,0.4195,0.0011213373318314551,uniform
uniform_live_quality_seed7111473167050986645,live_epoch_0002,2,250,17,q17_mask_transformation_residual,,degenerate_partition,0.392,0.39199999999999996,0.0002901921896263957,uniform
uniform_live_quality_seed7111473167050986645,live_epoch_0003,3,375,17,q17_mask_transformation_residual,0.6738309293369651,,0.3995,0.39949999999999997,0.00012927067186683415,uniform
uniform_live_quality_seed7111473167050986645,live_epoch_0004,4,500,17,q17_mask_transformation_residual,0.650198022207176,,0.4135,0.4135,0.00017340463353320956,uniform
uniform_live_quality_seed7111473167050986645,live_epoch_0005,5,625,17,q17_mask_transformation_residual,0.6657576190897387,,0.414,0.414,7.838597777299583e-05,uniform
uniform_live_quality_seed7111473167050986645,live_epoch_0006,6,750,17,q17_mask_transformation_residual,0.6546234811436414,,0.4175,0.4175,0.00013151315180584788,uniform
uniform_live_quality_seed7111473167050986645,live_epoch_0007,7,875,17,q17_mask_transformation_residual,0.649338265396538,,0.4205,0.4205,6.605390808545053e-05,uniform
uniform_live_quality_seed7111473167050986645,live_epoch_0008,8,1000,17,q17_mask_transformation_residual,0.6565563473775617,,0.431,0.43099999999999994,6.425896589644253e-05,uniform
uniform_live_quality_seed7111473167050986645,live_epoch_0009,9,1125,17,q17_mask_transformation_residual,0.6538073009803108,,0.4315,0.43149999999999994,6.084494199603796e-05,uniform
uniform_live_quality_seed7111473167050986645,live_epoch_0010,10,1250,17,q17_mask_transformation_residual,0.650863461205575,,0.428,0.428,5.844392580911517e-05,uniform
uniform_live_quality_seed7111473167050986645,live_epoch_0011,11,1375,17,q17_mask_transformation_residual,0.6558350208001194,,0.426,0.426,5.508617148734629e-05,uniform
uniform_live_quality_seed7111473167050986645,live_epoch_0012,12,1500,17,q17_mask_transformation_residual,0.6659812078563512,,0.4355,0.43549999999999994,5.390474852174521e-05,uniform
uniform_live_quality_seed7111473167050986645,live_epoch_0013,13,1625,17,q17_mask_transformation_residual,0.662615393750482,,0.4365,0.43649999999999994,5.2589790197089315e-05,uniform
uniform_live_quality_seed7111473167050986645,live_epoch_0014,14,1750,17,q17_mask_transformation_residual,0.66096681964338,,0.435,0.435,5.4997465573251245e-05,uniform
uniform_live_quality_seed7111473167050986645,live_epoch_0015,15,1875,17,q17_mask_transformation_residual,0.6606382236337867,,0.436,0.436,5.163274868391454e-05,uniform
uniform_live_quality_seed7111473167050986645,live_epoch_0016,16,2000,17,q17_mask_transformation_residual,0.6535767541904873,,0.4345,0.43449999999999994,5.3632036782801154e-05,uniform
uniform_live_quality_seed7111473167050986645,live_epoch_0017,17,2125,17,q17_mask_transformation_residual,0.6568337885822609,,0.431,0.431,5.503734084777534e-05,uniform
uniform_live_quality_seed7111473167050986645,live_epoch_0018,18,2250,17,q17_mask_transformation_residual,0.6480284203526288,,0.435,0.43499999999999994,5.960970651358366e-05,uniform
uniform_live_quality_seed7111473167050986645,live_epoch_0019,19,2375,17,q17_mask_transformation_residual,0.638128427208422,,0.4325,0.4325,6.558159808628262e-05,uniform
uniform_live_quality_seed7111473167050986645,live_epoch_0020,20,2500,17,q17_mask_transformation_residual,,degenerate_partition,0.433,0.433,7.839183881878853e-05,uniform
uniform_live_quality_seed7111473167050986645,live_epoch_0021,21,2625,17,q17_mask_transformation_residual,0.5517988284910855,,0.4255,0.4255,0.00010045370319858193,uniform
uniform_live_quality_seed7111473167050986645,live_epoch_0022,22,2750,17,q17_mask_transformation_residual,0.4970640810805172,,0.4255,0.4255,0.0001359921428374946,uniform
uniform_live_quality_seed7111473167050986645,live_epoch_0023,23,2875,17,q17_mask_transformation_residual,,degenerate_partition,0.4115,0.4115,0.0002048513637855649,uniform
uniform_live_quality_seed7111473167050986645,live_epoch_0024,24,3000,17,q17_mask_transformation_residual,,degenerate_partition,0.4005,0.40049999999999997,0.0010367267318069934,uniform
uniform_live_quality_seed7111473167050986645,live_epoch_0025,25,3125,17,q17_mask_transformation_residual,,degenerate_partition,0.386,0.38599999999999995,0.003345674552023411,uniform
uniform_live_quality_seed7111473167050986645,live_epoch_0026,26,3250,17,q17_mask_transformation_residual,,degenerate_partition,0.3985,0.3985,0.0060667493641376495,uniform
uniform_live_quality_seed7111473167050986645,live_epoch_0027,27,3375,17,q17_mask_transformation_residual,,degenerate_partition,0.3695,0.36950000000000005,0.013429269298911094,uniform
uniform_live_quality_seed7111473167050986645,live_epoch_0028,28,3500,17,q17_mask_transformation_residual,,degenerate_partition,0.358,0.358,0.03115568393468857,uniform
uniform_live_quality_seed7111473167050986645,live_epoch_0029,29,3625,17,q17_mask_transformation_residual,,degenerate_partition,0.3425,0.3425,0.056627493262290954,uniform
uniform_live_quality_seed7111473167050986645,live_epoch_0030,30,3750,17,q17_mask_transformation_residual,,degenerate_partition,0.3635,0.3635,0.09948172736167908,uniform
uniform_live_quality_seed7111473167050986645,live_epoch_0031,31,3875,17,q17_mask_transformation_residual,0.24364996597854546,,0.3955,0.39549999999999996,0.1050968461036682,uniform
uniform_live_quality_seed7111473167050986645,live_epoch_0032,32,4000,17,q17_mask_transformation_residual,0.24842588828995554,,0.393,0.393,0.12442151761054993,uniform
uniform_live_quality_seed7111473167050986645,live_epoch_0033,33,4125,17,q17_mask_transformation_residual,,degenerate_partition,0.395,0.395,0.10571711552143097,uniform
uniform_live_quality_seed7111473167050986645,live_epoch_0034,34,4250,17,q17_mask_transformation_residual,0.24277491919975844,,0.401,0.401,0.11233610916137696,uniform
uniform_live_quality_seed7111473167050986645,live_epoch_0035,35,4375,17,q17_mask_transformation_residual,,degenerate_partition,0.3975,0.3975,0.11043914377689362,uniform
uniform_live_quality_seed7111473167050986645,live_epoch_0036,36,4500,17,q17_mask_transformation_residual,,degenerate_partition,0.3965,0.3965,0.10376330041885376,uniform
uniform_live_quality_seed7111473167050986645,live_epoch_0037,37,4625,17,q17_mask_transformation_residual,0.24836491387369367,,0.421,0.421,0.1082879683971405,uniform
uniform_live_quality_seed7111473167050986645,live_epoch_0038,38,4750,17,q17_mask_transformation_residual,0.2429485031376219,,0.42,0.42,0.10512582957744598,uniform
uniform_live_quality_seed7111473167050986645,live_epoch_0039,39,4875,17,q17_mask_transformation_residual,,degenerate_partition,0.4345,0.43450000000000005,0.10733225798606873,uniform
uniform_live_quality_seed7111473167050986645,live_epoch_0040,40,5000,17,q17_mask_transformation_residual,0.24643102404119205,,0.426,0.42600000000000005,0.10427827513217926,uniform
uniform_live_quality_seed7111473167050986645,live_epoch_0041,41,5125,17,q17_mask_transformation_residual,0.2539062063284258,,0.4255,0.4255,0.09806675982475281,uniform
uniform_live_quality_seed7111473167050986645,live_epoch_0042,42,5250,17,q17_mask_transformation_residual,0.26263105102257256,,0.44,0.44,0.09902878022193909,uniform
uniform_live_quality_seed7111473167050986645,live_epoch_0043,43,5375,17,q17_mask_transformation_residual,0.26765840254190243,,0.459,0.459,0.09427746748924255,uniform
uniform_live_quality_seed7111473167050986645,live_epoch_0044,44,5500,17,q17_mask_transformation_residual,0.2674750860316883,,0.44,0.44,0.09379401409626006,uniform
uniform_live_quality_seed7111473167050986645,live_epoch_0045,45,5625,17,q17_mask_transformation_residual,0.2753251951363731,,0.444,0.444,0.09166138148307801,uniform
uniform_live_quality_seed7111473167050986645,live_epoch_0046,46,5750,17,q17_mask_transformation_residual,0.25921582962347317,,0.435,0.43500000000000005,0.09129389607906342,uniform
uniform_live_quality_seed7111473167050986645,live_epoch_0047,47,5875,17,q17_mask_transformation_residual,0.26003314547413925,,0.4405,0.4405,0.09181567740440369,uniform
uniform_live_quality_seed7111473167050986645,live_epoch_0048,48,6000,17,q17_mask_transformation_residual,0.2789045982256345,,0.424,0.424,0.09308186984062194,uniform
uniform_live_quality_seed7111473167050986645,live_epoch_0049,49,6125,17,q17_mask_transformation_residual,0.2664600523962381,,0.433,0.433,0.09291269564628601,uniform
uniform_live_quality_seed7111473167050986645,live_epoch_0050,50,6250,17,q17_mask_transformation_residual,0.2687770537237568,,0.4425,0.4425,0.09371004223823548,uniform
uniform_live_quality_seed7111473167050986645,live_epoch_0051,51,6375,17,q17_mask_transformation_residual,0.2648589383673769,,0.428,0.42800000000000005,0.09500530290603637,uniform
uniform_live_quality_seed7111473167050986645,live_epoch_0052,52,6500,17,q17_mask_transformation_residual,0.26941623907599044,,0.427,0.42699999999999994,0.09625404715538025,uniform
uniform_live_quality_seed7111473167050986645,live_epoch_0053,53,6625,17,q17_mask_transformation_residual,0.26744296737681905,,0.4405,0.4405,0.09607635998725891,uniform
uniform_live_quality_seed7111473167050986645,live_epoch_0054,54,6750,17,q17_mask_transformation_residual,0.25969741416619896,,0.4445,0.4445,0.09568634295463561,uniform
uniform_live_quality_seed7111473167050986645,live_epoch_0055,55,6875,17,q17_mask_transformation_residual,0.25796768137154635,,0.439,0.43899999999999995,0.10051087927818299,uniform
uniform_live_quality_seed7111473167050986645,live_epoch_0056,56,7000,17,q17_mask_transformation_residual,0.27671450892748717,,0.433,0.43299999999999994,0.10100525164604188,uniform
uniform_live_quality_seed7111473167050986645,live_epoch_0057,57,7125,17,q17_mask_transformation_residual,0.26981468973233524,,0.4285,0.4285,0.1013157913684845,uniform
uniform_live_quality_seed7111473167050986645,live_epoch_0058,58,7250,17,q17_mask_transformation_residual,0.26384772998909445,,0.443,0.44299999999999995,0.10295857286453247,uniform
uniform_live_quality_seed7111473167050986645,live_epoch_0059,59,7375,17,q17_mask_transformation_residual,0.26396964881362656,,0.4495,0.4495,0.10294777154922485,uniform
uniform_live_quality_seed7111473167050986645,live_epoch_0060,60,7500,17,q17_mask_transformation_residual,0.2555574440243572,,0.469,0.469,0.10535053825378418,uniform
uniform_live_quality_seed7111473167050986645,live_epoch_0061,61,7625,17,q17_mask_transformation_residual,0.26721743382181035,,0.4775,0.47750000000000004,0.10395824193954467,uniform
uniform_live_quality_seed7111473167050986645,live_epoch_0062,62,7750,17,q17_mask_transformation_residual,0.2630038105473582,,0.5045,0.5045000000000001,0.10320230007171631,uniform
uniform_live_quality_seed7111473167050986645,live_epoch_0063,63,7875,17,q17_mask_transformation_residual,0.26796268522613154,,0.4955,0.49550000000000005,0.10549554944038392,uniform
uniform_live_quality_seed7111473167050986645,live_epoch_0064,64,8000,17,q17_mask_transformation_residual,0.2725878683617271,,0.5045,0.5045,0.10387999415397645,uniform
uniform_live_quality_seed7111473167050986645,live_epoch_0065,65,8125,17,q17_mask_transformation_residual,0.2648471629911152,,0.503,0.503,0.10445783424377442,uniform
uniform_live_quality_seed7111473167050986645,live_epoch_0066,66,8250,17,q17_mask_transformation_residual,0.26761049167586204,,0.5095,0.5095000000000001,0.10450446462631226,uniform
uniform_live_quality_seed7111473167050986645,live_epoch_0067,67,8375,17,q17_mask_transformation_residual,0.26942152603050873,,0.5165,0.5165,0.10628911423683167,uniform
uniform_live_quality_seed7111473167050986645,live_epoch_0068,68,8500,17,q17_mask_transformation_residual,0.2629616500822818,,0.509,0.509,0.10491162157058716,uniform
uniform_live_quality_seed7111473167050986645,live_epoch_0069,69,8625,17,q17_mask_transformation_residual,0.2723063244618644,,0.5165,0.5165,0.10478554248809814,uniform
uniform_live_quality_seed7111473167050986645,live_epoch_0070,70,8750,17,q17_mask_transformation_residual,0.26712953614849866,,0.526,0.526,0.10515108442306519,uniform
uniform_live_quality_seed7111473167050986645,live_epoch_0071,71,8875,17,q17_mask_transformation_residual,0.26715790405453793,,0.532,0.532,0.10542909002304077,uniform
uniform_live_quality_seed7111473167050986645,live_epoch_0072,72,9000,17,q17_mask_transformation_residual,0.2732880991491332,,0.547,0.5469999999999999,0.10938835644721985,uniform
uniform_live_quality_seed7111473167050986645,live_epoch_0073,73,9125,17,q17_mask_transformation_residual,0.26040905909385986,,0.53,0.53,0.10520164799690247,uniform
uniform_live_quality_seed7111473167050986645,live_epoch_0074,74,9250,17,q17_mask_transformation_residual,0.2736180785122514,,0.541,0.5409999999999999,0.1059716911315918,uniform
uniform_live_quality_seed7111473167050986645,live_epoch_0075,75,9375,17,q17_mask_transformation_residual,0.2689509444122987,,0.5585,0.5585,0.10875931549072265,uniform
uniform_live_quality_seed7111473167050986645,live_epoch_0076,76,9500,17,q17_mask_transformation_residual,0.27309511970584166,,0.5575,0.5575,0.10576828289031982,uniform
uniform_live_quality_seed7111473167050986645,live_epoch_0077,77,9625,17,q17_mask_transformation_residual,0.28330014493897754,,0.5525,0.5525,0.10509442782402038,uniform
uniform_live_quality_seed7111473167050986645,live_epoch_0078,78,9750,17,q17_mask_transformation_residual,0.27411830328961306,,0.5555,0.5555,0.10417660427093506,uniform
uniform_live_quality_seed7111473167050986645,live_epoch_0079,79,9875,17,q17_mask_transformation_residual,0.2748921484683148,,0.558,0.558,0.10485398697853088,uniform
uniform_live_quality_seed7111473167050986645,live_epoch_0080,80,10000,17,q17_mask_transformation_residual,0.274424872256277,,0.5555,0.5555,0.10604727077484132,uniform
uniform_live_quality_seed7111473167050986645,live_epoch_0081,81,10125,17,q17_mask_transformation_residual,0.27165145573803307,,0.562,0.562,0.10598238253593445,uniform
uniform_live_quality_seed7111473167050986645,live_epoch_0082,82,10250,17,q17_mask_transformation_residual,0.2775793879708186,,0.551,0.5509999999999999,0.10721569752693176,uniform
uniform_live_quality_seed7111473167050986645,live_epoch_0083,83,10375,17,q17_mask_transformation_residual,0.2765775323151628,,0.5525,0.5525,0.10503653478622436,uniform
uniform_live_quality_seed7111473167050986645,live_epoch_0084,84,10500,17,q17_mask_transformation_residual,0.2753159776271631,,0.5535,0.5535,0.10542078185081481,uniform
uniform_live_quality_seed7111473167050986645,live_epoch_0085,85,10625,17,q17_mask_transformation_residual,0.28348384122017967,,0.573,0.573,0.10830363798141479,uniform
uniform_live_quality_seed7111473167050986645,live_epoch_0086,86,10750,17,q17_mask_transformation_residual,0.2819425646973606,,0.5655,0.5655000000000001,0.10777672719955445,uniform
uniform_live_quality_seed7111473167050986645,live_epoch_0087,87,10875,17,q17_mask_transformation_residual,0.2808888524532787,,0.561,0.561,0.10287943577766419,uniform
uniform_live_quality_seed7111473167050986645,live_epoch_0088,88,11000,17,q17_mask_transformation_residual,0.2900542914322638,,0.5735,0.5735,0.10605844211578369,uniform
uniform_live_quality_seed7111473167050986645,live_epoch_0089,89,11125,17,q17_mask_transformation_residual,0.2769306509813233,,0.566,0.566,0.1059640610218048,uniform
uniform_live_quality_seed7111473167050986645,live_epoch_0090,90,11250,17,q17_mask_transformation_residual,0.27879572938261876,,0.5845,0.5845,0.10424339008331299,uniform
uniform_live_quality_seed7111473167050986645,live_epoch_0091,91,11375,17,q17_mask_transformation_residual,0.2855422136141633,,0.579,0.579,0.10716842889785766,uniform
uniform_live_quality_seed7111473167050986645,live_epoch_0092,92,11500,17,q17_mask_transformation_residual,0.29348711658146587,,0.5925,0.5925,0.10801207733154297,uniform
uniform_live_quality_seed7111473167050986645,live_epoch_0093,93,11625,17,q17_mask_transformation_residual,0.28293242326581636,,0.564,0.5640000000000001,0.1052492790222168,uniform
uniform_live_quality_seed7111473167050986645,live_epoch_0094,94,11750,17,q17_mask_transformation_residual,0.27226045813620026,,0.59,0.59,0.10582787275314331,uniform
uniform_live_quality_seed7111473167050986645,live_epoch_0095,95,11875,17,q17_mask_transformation_residual,0.29119590830194675,,0.5915,0.5915,0.10494300127029418,uniform
uniform_live_quality_seed7111473167050986645,live_epoch_0096,96,12000,17,q17_mask_transformation_residual,0.30182956531401545,,0.604,0.604,0.10446972298622131,uniform
uniform_live_quality_seed7111473167050986645,live_epoch_0097,97,12125,17,q17_mask_transformation_residual,0.2888861460782679,,0.608,0.608,0.10413691973686218,uniform
uniform_live_quality_seed7111473167050986645,live_epoch_0098,98,12250,17,q17_mask_transformation_residual,0.28111166038024504,,0.615,0.615,0.10516011047363281,uniform
uniform_live_quality_seed7111473167050986645,live_epoch_0099,99,12375,17,q17_mask_transformation_residual,0.2844933263297589,,0.613,0.613,0.10320265579223632,uniform
uniform_live_quality_seed7111473167050986645,live_epoch_0100,100,12500,17,q17_mask_transformation_residual,0.28418829678321844,,0.6235,0.6234999999999999,0.10917238426208496,uniform
uniform_live_quality_seed7111473167050986645,live_epoch_0001,1,125,18,q18_mask_perturbation_concentration,,degenerate_partition,0.4195,0.4195,0.0011213373318314551,uniform
uniform_live_quality_seed7111473167050986645,live_epoch_0002,2,250,18,q18_mask_perturbation_concentration,,degenerate_partition,0.392,0.39199999999999996,0.0002901921896263957,uniform
uniform_live_quality_seed7111473167050986645,live_epoch_0003,3,375,18,q18_mask_perturbation_concentration,0.6315458449855962,,0.3995,0.39949999999999997,0.00012927067186683415,uniform
uniform_live_quality_seed7111473167050986645,live_epoch_0004,4,500,18,q18_mask_perturbation_concentration,0.6392555679652578,,0.4135,0.4135,0.00017340463353320956,uniform
uniform_live_quality_seed7111473167050986645,live_epoch_0005,5,625,18,q18_mask_perturbation_concentration,0.652485459319335,,0.414,0.414,7.838597777299583e-05,uniform
uniform_live_quality_seed7111473167050986645,live_epoch_0006,6,750,18,q18_mask_perturbation_concentration,0.6425907603434565,,0.4175,0.4175,0.00013151315180584788,uniform
uniform_live_quality_seed7111473167050986645,live_epoch_0007,7,875,18,q18_mask_perturbation_concentration,0.6628834569131921,,0.4205,0.4205,6.605390808545053e-05,uniform
uniform_live_quality_seed7111473167050986645,live_epoch_0008,8,1000,18,q18_mask_perturbation_concentration,0.6694890531529518,,0.431,0.43099999999999994,6.425896589644253e-05,uniform
uniform_live_quality_seed7111473167050986645,live_epoch_0009,9,1125,18,q18_mask_perturbation_concentration,0.6801836597779036,,0.4315,0.43149999999999994,6.084494199603796e-05,uniform
uniform_live_quality_seed7111473167050986645,live_epoch_0010,10,1250,18,q18_mask_perturbation_concentration,0.6599239588082537,,0.428,0.428,5.844392580911517e-05,uniform
uniform_live_quality_seed7111473167050986645,live_epoch_0011,11,1375,18,q18_mask_perturbation_concentration,0.6678349599848467,,0.426,0.426,5.508617148734629e-05,uniform
uniform_live_quality_seed7111473167050986645,live_epoch_0012,12,1500,18,q18_mask_perturbation_concentration,0.6508453091115391,,0.4355,0.43549999999999994,5.390474852174521e-05,uniform
uniform_live_quality_seed7111473167050986645,live_epoch_0013,13,1625,18,q18_mask_perturbation_concentration,0.6463709376095766,,0.4365,0.43649999999999994,5.2589790197089315e-05,uniform
uniform_live_quality_seed7111473167050986645,live_epoch_0014,14,1750,18,q18_mask_perturbation_concentration,0.6329037752944541,,0.435,0.435,5.4997465573251245e-05,uniform
uniform_live_quality_seed7111473167050986645,live_epoch_0015,15,1875,18,q18_mask_perturbation_concentration,0.6101727228895379,,0.436,0.436,5.163274868391454e-05,uniform
uniform_live_quality_seed7111473167050986645,live_epoch_0016,16,2000,18,q18_mask_perturbation_concentration,0.608775280247928,,0.4345,0.43449999999999994,5.3632036782801154e-05,uniform
uniform_live_quality_seed7111473167050986645,live_epoch_0017,17,2125,18,q18_mask_perturbation_concentration,0.5712969830993961,,0.431,0.431,5.503734084777534e-05,uniform
uniform_live_quality_seed7111473167050986645,live_epoch_0018,18,2250,18,q18_mask_perturbation_concentration,0.5633399742787812,,0.435,0.43499999999999994,5.960970651358366e-05,uniform
uniform_live_quality_seed7111473167050986645,live_epoch_0019,19,2375,18,q18_mask_perturbation_concentration,0.5508314791672364,,0.4325,0.4325,6.558159808628262e-05,uniform
uniform_live_quality_seed7111473167050986645,live_epoch_0020,20,2500,18,q18_mask_perturbation_concentration,,degenerate_partition,0.433,0.433,7.839183881878853e-05,uniform
uniform_live_quality_seed7111473167050986645,live_epoch_0021,21,2625,18,q18_mask_perturbation_concentration,0.5399397237113279,,0.4255,0.4255,0.00010045370319858193,uniform
uniform_live_quality_seed7111473167050986645,live_epoch_0022,22,2750,18,q18_mask_perturbation_concentration,0.5356083259284696,,0.4255,0.4255,0.0001359921428374946,uniform
uniform_live_quality_seed7111473167050986645,live_epoch_0023,23,2875,18,q18_mask_perturbation_concentration,,degenerate_partition,0.4115,0.4115,0.0002048513637855649,uniform
uniform_live_quality_seed7111473167050986645,live_epoch_0024,24,3000,18,q18_mask_perturbation_concentration,,degenerate_partition,0.4005,0.40049999999999997,0.0010367267318069934,uniform
uniform_live_quality_seed7111473167050986645,live_epoch_0025,25,3125,18,q18_mask_perturbation_concentration,,degenerate_partition,0.386,0.38599999999999995,0.003345674552023411,uniform
uniform_live_quality_seed7111473167050986645,live_epoch_0026,26,3250,18,q18_mask_perturbation_concentration,,degenerate_partition,0.3985,0.3985,0.0060667493641376495,uniform
uniform_live_quality_seed7111473167050986645,live_epoch_0027,27,3375,18,q18_mask_perturbation_concentration,,degenerate_partition,0.3695,0.36950000000000005,0.013429269298911094,uniform
uniform_live_quality_seed7111473167050986645,live_epoch_0028,28,3500,18,q18_mask_perturbation_concentration,,degenerate_partition,0.358,0.358,0.03115568393468857,uniform
uniform_live_quality_seed7111473167050986645,live_epoch_0029,29,3625,18,q18_mask_perturbation_concentration,,degenerate_partition,0.3425,0.3425,0.056627493262290954,uniform
uniform_live_quality_seed7111473167050986645,live_epoch_0030,30,3750,18,q18_mask_perturbation_concentration,,degenerate_partition,0.3635,0.3635,0.09948172736167908,uniform
uniform_live_quality_seed7111473167050986645,live_epoch_0031,31,3875,18,q18_mask_perturbation_concentration,0.6820402830803326,,0.3955,0.39549999999999996,0.1050968461036682,uniform
uniform_live_quality_seed7111473167050986645,live_epoch_0032,32,4000,18,q18_mask_perturbation_concentration,0.6953204846057218,,0.393,0.393,0.12442151761054993,uniform
uniform_live_quality_seed7111473167050986645,live_epoch_0033,33,4125,18,q18_mask_perturbation_concentration,,degenerate_partition,0.395,0.395,0.10571711552143097,uniform
uniform_live_quality_seed7111473167050986645,live_epoch_0034,34,4250,18,q18_mask_perturbation_concentration,0.6314767111161422,,0.401,0.401,0.11233610916137696,uniform
uniform_live_quality_seed7111473167050986645,live_epoch_0035,35,4375,18,q18_mask_perturbation_concentration,,degenerate_partition,0.3975,0.3975,0.11043914377689362,uniform
uniform_live_quality_seed7111473167050986645,live_epoch_0036,36,4500,18,q18_mask_perturbation_concentration,,degenerate_partition,0.3965,0.3965,0.10376330041885376,uniform
uniform_live_quality_seed7111473167050986645,live_epoch_0037,37,4625,18,q18_mask_perturbation_concentration,0.624072558367084,,0.421,0.421,0.1082879683971405,uniform
uniform_live_quality_seed7111473167050986645,live_epoch_0038,38,4750,18,q18_mask_perturbation_concentration,0.6184143865093156,,0.42,0.42,0.10512582957744598,uniform
uniform_live_quality_seed7111473167050986645,live_epoch_0039,39,4875,18,q18_mask_perturbation_concentration,,degenerate_partition,0.4345,0.43450000000000005,0.10733225798606873,uniform
uniform_live_quality_seed7111473167050986645,live_epoch_0040,40,5000,18,q18_mask_perturbation_concentration,0.6148805719314595,,0.426,0.42600000000000005,0.10427827513217926,uniform
uniform_live_quality_seed7111473167050986645,live_epoch_0041,41,5125,18,q18_mask_perturbation_concentration,0.6034025190603216,,0.4255,0.4255,0.09806675982475281,uniform
uniform_live_quality_seed7111473167050986645,live_epoch_0042,42,5250,18,q18_mask_perturbation_concentration,0.6001166124855214,,0.44,0.44,0.09902878022193909,uniform
uniform_live_quality_seed7111473167050986645,live_epoch_0043,43,5375,18,q18_mask_perturbation_concentration,0.6002134540433481,,0.459,0.459,0.09427746748924255,uniform
uniform_live_quality_seed7111473167050986645,live_epoch_0044,44,5500,18,q18_mask_perturbation_concentration,0.6016804389979495,,0.44,0.44,0.09379401409626006,uniform
uniform_live_quality_seed7111473167050986645,live_epoch_0045,45,5625,18,q18_mask_perturbation_concentration,0.5949668374590745,,0.444,0.444,0.09166138148307801,uniform
uniform_live_quality_seed7111473167050986645,live_epoch_0046,46,5750,18,q18_mask_perturbation_concentration,0.5881634883650466,,0.435,0.43500000000000005,0.09129389607906342,uniform
uniform_live_quality_seed7111473167050986645,live_epoch_0047,47,5875,18,q18_mask_perturbation_concentration,0.5961163286409796,,0.4405,0.4405,0.09181567740440369,uniform
uniform_live_quality_seed7111473167050986645,live_epoch_0048,48,6000,18,q18_mask_perturbation_concentration,0.6015075586623473,,0.424,0.424,0.09308186984062194,uniform
uniform_live_quality_seed7111473167050986645,live_epoch_0049,49,6125,18,q18_mask_perturbation_concentration,0.593380776586668,,0.433,0.433,0.09291269564628601,uniform
uniform_live_quality_seed7111473167050986645,live_epoch_0050,50,6250,18,q18_mask_perturbation_concentration,0.5932906546497262,,0.4425,0.4425,0.09371004223823548,uniform
uniform_live_quality_seed7111473167050986645,live_epoch_0051,51,6375,18,q18_mask_perturbation_concentration,0.5865249374505814,,0.428,0.42800000000000005,0.09500530290603637,uniform
uniform_live_quality_seed7111473167050986645,live_epoch_0052,52,6500,18,q18_mask_perturbation_concentration,0.5732264337998645,,0.427,0.42699999999999994,0.09625404715538025,uniform
uniform_live_quality_seed7111473167050986645,live_epoch_0053,53,6625,18,q18_mask_perturbation_concentration,0.582526225226313,,0.4405,0.4405,0.09607635998725891,uniform
uniform_live_quality_seed7111473167050986645,live_epoch_0054,54,6750,18,q18_mask_perturbation_concentration,0.5753126648580972,,0.4445,0.4445,0.09568634295463561,uniform
uniform_live_quality_seed7111473167050986645,live_epoch_0055,55,6875,18,q18_mask_perturbation_concentration,0.5793609653739155,,0.439,0.43899999999999995,0.10051087927818299,uniform
uniform_live_quality_seed7111473167050986645,live_epoch_0056,56,7000,18,q18_mask_perturbation_concentration,0.587695043779512,,0.433,0.43299999999999994,0.10100525164604188,uniform
uniform_live_quality_seed7111473167050986645,live_epoch_0057,57,7125,18,q18_mask_perturbation_concentration,0.5726320750966448,,0.4285,0.4285,0.1013157913684845,uniform
uniform_live_quality_seed7111473167050986645,live_epoch_0058,58,7250,18,q18_mask_perturbation_concentration,0.5582449411138445,,0.443,0.44299999999999995,0.10295857286453247,uniform
uniform_live_quality_seed7111473167050986645,live_epoch_0059,59,7375,18,q18_mask_perturbation_concentration,0.5677853626024174,,0.4495,0.4495,0.10294777154922485,uniform
uniform_live_quality_seed7111473167050986645,live_epoch_0060,60,7500,18,q18_mask_perturbation_concentration,0.5599356297852838,,0.469,0.469,0.10535053825378418,uniform
uniform_live_quality_seed7111473167050986645,live_epoch_0061,61,7625,18,q18_mask_perturbation_concentration,0.5623492507311229,,0.4775,0.47750000000000004,0.10395824193954467,uniform
uniform_live_quality_seed7111473167050986645,live_epoch_0062,62,7750,18,q18_mask_perturbation_concentration,0.5590645771690643,,0.5045,0.5045000000000001,0.10320230007171631,uniform
uniform_live_quality_seed7111473167050986645,live_epoch_0063,63,7875,18,q18_mask_perturbation_concentration,0.5548008980059997,,0.4955,0.49550000000000005,0.10549554944038392,uniform
uniform_live_quality_seed7111473167050986645,live_epoch_0064,64,8000,18,q18_mask_perturbation_concentration,0.5571308663242894,,0.5045,0.5045,0.10387999415397645,uniform
uniform_live_quality_seed7111473167050986645,live_epoch_0065,65,8125,18,q18_mask_perturbation_concentration,0.552680471761949,,0.503,0.503,0.10445783424377442,uniform
uniform_live_quality_seed7111473167050986645,live_epoch_0066,66,8250,18,q18_mask_perturbation_concentration,0.5492324625651266,,0.5095,0.5095000000000001,0.10450446462631226,uniform
uniform_live_quality_seed7111473167050986645,live_epoch_0067,67,8375,18,q18_mask_perturbation_concentration,0.5451088872002571,,0.5165,0.5165,0.10628911423683167,uniform
uniform_live_quality_seed7111473167050986645,live_epoch_0068,68,8500,18,q18_mask_perturbation_concentration,0.541823081079727,,0.509,0.509,0.10491162157058716,uniform
uniform_live_quality_seed7111473167050986645,live_epoch_0069,69,8625,18,q18_mask_perturbation_concentration,0.5390640892214238,,0.5165,0.5165,0.10478554248809814,uniform
uniform_live_quality_seed7111473167050986645,live_epoch_0070,70,8750,18,q18_mask_perturbation_concentration,0.533691641525763,,0.526,0.526,0.10515108442306519,uniform
uniform_live_quality_seed7111473167050986645,live_epoch_0071,71,8875,18,q18_mask_perturbation_concentration,0.5381080787822435,,0.532,0.532,0.10542909002304077,uniform
uniform_live_quality_seed7111473167050986645,live_epoch_0072,72,9000,18,q18_mask_perturbation_concentration,0.5113983817162272,,0.547,0.5469999999999999,0.10938835644721985,uniform
uniform_live_quality_seed7111473167050986645,live_epoch_0073,73,9125,18,q18_mask_perturbation_concentration,0.5276404341210336,,0.53,0.53,0.10520164799690247,uniform
uniform_live_quality_seed7111473167050986645,live_epoch_0074,74,9250,18,q18_mask_perturbation_concentration,0.5215637521545311,,0.541,0.5409999999999999,0.1059716911315918,uniform
uniform_live_quality_seed7111473167050986645,live_epoch_0075,75,9375,18,q18_mask_perturbation_concentration,0.5038451335239841,,0.5585,0.5585,0.10875931549072265,uniform
uniform_live_quality_seed7111473167050986645,live_epoch_0076,76,9500,18,q18_mask_perturbation_concentration,0.5091957872975331,,0.5575,0.5575,0.10576828289031982,uniform
uniform_live_quality_seed7111473167050986645,live_epoch_0077,77,9625,18,q18_mask_perturbation_concentration,0.5124383958270744,,0.5525,0.5525,0.10509442782402038,uniform
uniform_live_quality_seed7111473167050986645,live_epoch_0078,78,9750,18,q18_mask_perturbation_concentration,0.511127834976571,,0.5555,0.5555,0.10417660427093506,uniform
uniform_live_quality_seed7111473167050986645,live_epoch_0079,79,9875,18,q18_mask_perturbation_concentration,0.5074709047180236,,0.558,0.558,0.10485398697853088,uniform
uniform_live_quality_seed7111473167050986645,live_epoch_0080,80,10000,18,q18_mask_perturbation_concentration,0.5106657344468276,,0.5555,0.5555,0.10604727077484132,uniform
uniform_live_quality_seed7111473167050986645,live_epoch_0081,81,10125,18,q18_mask_perturbation_concentration,0.5104490057807779,,0.562,0.562,0.10598238253593445,uniform
uniform_live_quality_seed7111473167050986645,live_epoch_0082,82,10250,18,q18_mask_perturbation_concentration,0.5129163807963844,,0.551,0.5509999999999999,0.10721569752693176,uniform
uniform_live_quality_seed7111473167050986645,live_epoch_0083,83,10375,18,q18_mask_perturbation_concentration,0.5126133374594828,,0.5525,0.5525,0.10503653478622436,uniform
uniform_live_quality_seed7111473167050986645,live_epoch_0084,84,10500,18,q18_mask_perturbation_concentration,0.5052750323205525,,0.5535,0.5535,0.10542078185081481,uniform
uniform_live_quality_seed7111473167050986645,live_epoch_0085,85,10625,18,q18_mask_perturbation_concentration,0.520499335279282,,0.573,0.573,0.10830363798141479,uniform
uniform_live_quality_seed7111473167050986645,live_epoch_0086,86,10750,18,q18_mask_perturbation_concentration,0.5065737271798296,,0.5655,0.5655000000000001,0.10777672719955445,uniform
uniform_live_quality_seed7111473167050986645,live_epoch_0087,87,10875,18,q18_mask_perturbation_concentration,0.504001736435578,,0.561,0.561,0.10287943577766419,uniform
uniform_live_quality_seed7111473167050986645,live_epoch_0088,88,11000,18,q18_mask_perturbation_concentration,0.5100581463298673,,0.5735,0.5735,0.10605844211578369,uniform
uniform_live_quality_seed7111473167050986645,live_epoch_0089,89,11125,18,q18_mask_perturbation_concentration,0.5093937377882625,,0.566,0.566,0.1059640610218048,uniform
uniform_live_quality_seed7111473167050986645,live_epoch_0090,90,11250,18,q18_mask_perturbation_concentration,0.5099865520292358,,0.5845,0.5845,0.10424339008331299,uniform
uniform_live_quality_seed7111473167050986645,live_epoch_0091,91,11375,18,q18_mask_perturbation_concentration,0.5016817728986727,,0.579,0.579,0.10716842889785766,uniform
uniform_live_quality_seed7111473167050986645,live_epoch_0092,92,11500,18,q18_mask_perturbation_concentration,0.5056405364919904,,0.5925,0.5925,0.10801207733154297,uniform
uniform_live_quality_seed7111473167050986645,live_epoch_0093,93,11625,18,q18_mask_perturbation_concentration,0.5013779196493949,,0.564,0.5640000000000001,0.1052492790222168,uniform
uniform_live_quality_seed7111473167050986645,live_epoch_0094,94,11750,18,q18_mask_perturbation_concentration,0.5000035428663556,,0.59,0.59,0.10582787275314331,uniform
uniform_live_quality_seed7111473167050986645,live_epoch_0095,95,11875,18,q18_mask_perturbation_concentration,0.49741245175591314,,0.5915,0.5915,0.10494300127029418,uniform
uniform_live_quality_seed7111473167050986645,live_epoch_0096,96,12000,18,q18_mask_perturbation_concentration,0.5032866614494156,,0.604,0.604,0.10446972298622131,uniform
uniform_live_quality_seed7111473167050986645,live_epoch_0097,97,12125,18,q18_mask_perturbation_concentration,0.49138745453954147,,0.608,0.608,0.10413691973686218,uniform
uniform_live_quality_seed7111473167050986645,live_epoch_0098,98,12250,18,q18_mask_perturbation_concentration,0.48384076631855727,,0.615,0.615,0.10516011047363281,uniform
uniform_live_quality_seed7111473167050986645,live_epoch_0099,99,12375,18,q18_mask_perturbation_concentration,0.4819281063559857,,0.613,0.613,0.10320265579223632,uniform
uniform_live_quality_seed7111473167050986645,live_epoch_0100,100,12500,18,q18_mask_perturbation_concentration,0.4856585341942301,,0.6235,0.6234999999999999,0.10917238426208496,uniform
uniform_live_quality_seed7111473167050986645,live_epoch_0001,1,125,19a,q19a_jacobian_effective_rank,,degenerate_partition,0.4195,0.4195,0.0011213373318314551,uniform
uniform_live_quality_seed7111473167050986645,live_epoch_0002,2,250,19a,q19a_jacobian_effective_rank,,degenerate_partition,0.392,0.39199999999999996,0.0002901921896263957,uniform
uniform_live_quality_seed7111473167050986645,live_epoch_0003,3,375,19a,q19a_jacobian_effective_rank,0.09405939900673166,,0.3995,0.39949999999999997,0.00012927067186683415,uniform
uniform_live_quality_seed7111473167050986645,live_epoch_0004,4,500,19a,q19a_jacobian_effective_rank,0.09487919147415941,,0.4135,0.4135,0.00017340463353320956,uniform
uniform_live_quality_seed7111473167050986645,live_epoch_0005,5,625,19a,q19a_jacobian_effective_rank,0.09554495629739033,,0.414,0.414,7.838597777299583e-05,uniform
uniform_live_quality_seed7111473167050986645,live_epoch_0006,6,750,19a,q19a_jacobian_effective_rank,0.0974302263497754,,0.4175,0.4175,0.00013151315180584788,uniform
uniform_live_quality_seed7111473167050986645,live_epoch_0007,7,875,19a,q19a_jacobian_effective_rank,0.09914027762600981,,0.4205,0.4205,6.605390808545053e-05,uniform
uniform_live_quality_seed7111473167050986645,live_epoch_0008,8,1000,19a,q19a_jacobian_effective_rank,0.10117235314263426,,0.431,0.43099999999999994,6.425896589644253e-05,uniform
uniform_live_quality_seed7111473167050986645,live_epoch_0009,9,1125,19a,q19a_jacobian_effective_rank,0.10356323912538888,,0.4315,0.43149999999999994,6.084494199603796e-05,uniform
uniform_live_quality_seed7111473167050986645,live_epoch_0010,10,1250,19a,q19a_jacobian_effective_rank,0.10590054292618,,0.428,0.428,5.844392580911517e-05,uniform
uniform_live_quality_seed7111473167050986645,live_epoch_0011,11,1375,19a,q19a_jacobian_effective_rank,0.10871109274854286,,0.426,0.426,5.508617148734629e-05,uniform
uniform_live_quality_seed7111473167050986645,live_epoch_0012,12,1500,19a,q19a_jacobian_effective_rank,0.1114306080568413,,0.4355,0.43549999999999994,5.390474852174521e-05,uniform
uniform_live_quality_seed7111473167050986645,live_epoch_0013,13,1625,19a,q19a_jacobian_effective_rank,0.11426980306996143,,0.4365,0.43649999999999994,5.2589790197089315e-05,uniform
uniform_live_quality_seed7111473167050986645,live_epoch_0014,14,1750,19a,q19a_jacobian_effective_rank,0.1169532438633582,,0.435,0.435,5.4997465573251245e-05,uniform
uniform_live_quality_seed7111473167050986645,live_epoch_0015,15,1875,19a,q19a_jacobian_effective_rank,0.11979146511507184,,0.436,0.436,5.163274868391454e-05,uniform
uniform_live_quality_seed7111473167050986645,live_epoch_0016,16,2000,19a,q19a_jacobian_effective_rank,0.12248224887911124,,0.4345,0.43449999999999994,5.3632036782801154e-05,uniform
uniform_live_quality_seed7111473167050986645,live_epoch_0017,17,2125,19a,q19a_jacobian_effective_rank,0.1249814774795349,,0.431,0.431,5.503734084777534e-05,uniform
uniform_live_quality_seed7111473167050986645,live_epoch_0018,18,2250,19a,q19a_jacobian_effective_rank,0.12753216248050553,,0.435,0.43499999999999994,5.960970651358366e-05,uniform
uniform_live_quality_seed7111473167050986645,live_epoch_0019,19,2375,19a,q19a_jacobian_effective_rank,0.13051154789414784,,0.4325,0.4325,6.558159808628262e-05,uniform
uniform_live_quality_seed7111473167050986645,live_epoch_0020,20,2500,19a,q19a_jacobian_effective_rank,,degenerate_partition,0.433,0.433,7.839183881878853e-05,uniform
uniform_live_quality_seed7111473167050986645,live_epoch_0021,21,2625,19a,q19a_jacobian_effective_rank,0.1384221465000702,,0.4255,0.4255,0.00010045370319858193,uniform
uniform_live_quality_seed7111473167050986645,live_epoch_0022,22,2750,19a,q19a_jacobian_effective_rank,0.14305314478162784,,0.4255,0.4255,0.0001359921428374946,uniform
uniform_live_quality_seed7111473167050986645,live_epoch_0023,23,2875,19a,q19a_jacobian_effective_rank,,degenerate_partition,0.4115,0.4115,0.0002048513637855649,uniform
uniform_live_quality_seed7111473167050986645,live_epoch_0024,24,3000,19a,q19a_jacobian_effective_rank,,degenerate_partition,0.4005,0.40049999999999997,0.0010367267318069934,uniform
uniform_live_quality_seed7111473167050986645,live_epoch_0025,25,3125,19a,q19a_jacobian_effective_rank,,degenerate_partition,0.386,0.38599999999999995,0.003345674552023411,uniform
uniform_live_quality_seed7111473167050986645,live_epoch_0026,26,3250,19a,q19a_jacobian_effective_rank,,degenerate_partition,0.3985,0.3985,0.0060667493641376495,uniform
uniform_live_quality_seed7111473167050986645,live_epoch_0027,27,3375,19a,q19a_jacobian_effective_rank,,degenerate_partition,0.3695,0.36950000000000005,0.013429269298911094,uniform
uniform_live_quality_seed7111473167050986645,live_epoch_0028,28,3500,19a,q19a_jacobian_effective_rank,,degenerate_partition,0.358,0.358,0.03115568393468857,uniform
uniform_live_quality_seed7111473167050986645,live_epoch_0029,29,3625,19a,q19a_jacobian_effective_rank,,degenerate_partition,0.3425,0.3425,0.056627493262290954,uniform
uniform_live_quality_seed7111473167050986645,live_epoch_0030,30,3750,19a,q19a_jacobian_effective_rank,,degenerate_partition,0.3635,0.3635,0.09948172736167908,uniform
uniform_live_quality_seed7111473167050986645,live_epoch_0031,31,3875,19a,q19a_jacobian_effective_rank,0.15850872145005704,,0.3955,0.39549999999999996,0.1050968461036682,uniform
uniform_live_quality_seed7111473167050986645,live_epoch_0032,32,4000,19a,q19a_jacobian_effective_rank,0.17944117261476394,,0.393,0.393,0.12442151761054993,uniform
uniform_live_quality_seed7111473167050986645,live_epoch_0033,33,4125,19a,q19a_jacobian_effective_rank,,degenerate_partition,0.395,0.395,0.10571711552143097,uniform
uniform_live_quality_seed7111473167050986645,live_epoch_0034,34,4250,19a,q19a_jacobian_effective_rank,0.19262280106726465,,0.401,0.401,0.11233610916137696,uniform
uniform_live_quality_seed7111473167050986645,live_epoch_0035,35,4375,19a,q19a_jacobian_effective_rank,,degenerate_partition,0.3975,0.3975,0.11043914377689362,uniform
uniform_live_quality_seed7111473167050986645,live_epoch_0036,36,4500,19a,q19a_jacobian_effective_rank,,degenerate_partition,0.3965,0.3965,0.10376330041885376,uniform
uniform_live_quality_seed7111473167050986645,live_epoch_0037,37,4625,19a,q19a_jacobian_effective_rank,0.20377383756128872,,0.421,0.421,0.1082879683971405,uniform
uniform_live_quality_seed7111473167050986645,live_epoch_0038,38,4750,19a,q19a_jacobian_effective_rank,0.19571309093620048,,0.42,0.42,0.10512582957744598,uniform
uniform_live_quality_seed7111473167050986645,live_epoch_0039,39,4875,19a,q19a_jacobian_effective_rank,,degenerate_partition,0.4345,0.43450000000000005,0.10733225798606873,uniform
uniform_live_quality_seed7111473167050986645,live_epoch_0040,40,5000,19a,q19a_jacobian_effective_rank,0.20473585269865674,,0.426,0.42600000000000005,0.10427827513217926,uniform
uniform_live_quality_seed7111473167050986645,live_epoch_0041,41,5125,19a,q19a_jacobian_effective_rank,0.2064975748143765,,0.4255,0.4255,0.09806675982475281,uniform
uniform_live_quality_seed7111473167050986645,live_epoch_0042,42,5250,19a,q19a_jacobian_effective_rank,0.2062988407572902,,0.44,0.44,0.09902878022193909,uniform
uniform_live_quality_seed7111473167050986645,live_epoch_0043,43,5375,19a,q19a_jacobian_effective_rank,0.20339365632265,,0.459,0.459,0.09427746748924255,uniform
uniform_live_quality_seed7111473167050986645,live_epoch_0044,44,5500,19a,q19a_jacobian_effective_rank,0.20365508474312097,,0.44,0.44,0.09379401409626006,uniform
uniform_live_quality_seed7111473167050986645,live_epoch_0045,45,5625,19a,q19a_jacobian_effective_rank,0.20434267074202683,,0.444,0.444,0.09166138148307801,uniform
uniform_live_quality_seed7111473167050986645,live_epoch_0046,46,5750,19a,q19a_jacobian_effective_rank,0.20755621141555392,,0.435,0.43500000000000005,0.09129389607906342,uniform
uniform_live_quality_seed7111473167050986645,live_epoch_0047,47,5875,19a,q19a_jacobian_effective_rank,0.19450893523477011,,0.4405,0.4405,0.09181567740440369,uniform
uniform_live_quality_seed7111473167050986645,live_epoch_0048,48,6000,19a,q19a_jacobian_effective_rank,0.19951300728043253,,0.424,0.424,0.09308186984062194,uniform
uniform_live_quality_seed7111473167050986645,live_epoch_0049,49,6125,19a,q19a_jacobian_effective_rank,0.21250341157805872,,0.433,0.433,0.09291269564628601,uniform
uniform_live_quality_seed7111473167050986645,live_epoch_0050,50,6250,19a,q19a_jacobian_effective_rank,0.21696884407534758,,0.4425,0.4425,0.09371004223823548,uniform
uniform_live_quality_seed7111473167050986645,live_epoch_0051,51,6375,19a,q19a_jacobian_effective_rank,0.20942471047594902,,0.428,0.42800000000000005,0.09500530290603637,uniform
uniform_live_quality_seed7111473167050986645,live_epoch_0052,52,6500,19a,q19a_jacobian_effective_rank,0.21317249306546854,,0.427,0.42699999999999994,0.09625404715538025,uniform
uniform_live_quality_seed7111473167050986645,live_epoch_0053,53,6625,19a,q19a_jacobian_effective_rank,0.2256557899266826,,0.4405,0.4405,0.09607635998725891,uniform
uniform_live_quality_seed7111473167050986645,live_epoch_0054,54,6750,19a,q19a_jacobian_effective_rank,0.2192650962591852,,0.4445,0.4445,0.09568634295463561,uniform
uniform_live_quality_seed7111473167050986645,live_epoch_0055,55,6875,19a,q19a_jacobian_effective_rank,0.21901178279299124,,0.439,0.43899999999999995,0.10051087927818299,uniform
uniform_live_quality_seed7111473167050986645,live_epoch_0056,56,7000,19a,q19a_jacobian_effective_rank,0.22791363121478125,,0.433,0.43299999999999994,0.10100525164604188,uniform
uniform_live_quality_seed7111473167050986645,live_epoch_0057,57,7125,19a,q19a_jacobian_effective_rank,0.21307666706456305,,0.4285,0.4285,0.1013157913684845,uniform
uniform_live_quality_seed7111473167050986645,live_epoch_0058,58,7250,19a,q19a_jacobian_effective_rank,0.20989874896710015,,0.443,0.44299999999999995,0.10295857286453247,uniform
uniform_live_quality_seed7111473167050986645,live_epoch_0059,59,7375,19a,q19a_jacobian_effective_rank,0.22498208340223608,,0.4495,0.4495,0.10294777154922485,uniform
uniform_live_quality_seed7111473167050986645,live_epoch_0060,60,7500,19a,q19a_jacobian_effective_rank,0.22936728895269518,,0.469,0.469,0.10535053825378418,uniform
uniform_live_quality_seed7111473167050986645,live_epoch_0061,61,7625,19a,q19a_jacobian_effective_rank,0.2284745813025306,,0.4775,0.47750000000000004,0.10395824193954467,uniform
uniform_live_quality_seed7111473167050986645,live_epoch_0062,62,7750,19a,q19a_jacobian_effective_rank,0.22541266474769334,,0.5045,0.5045000000000001,0.10320230007171631,uniform
uniform_live_quality_seed7111473167050986645,live_epoch_0063,63,7875,19a,q19a_jacobian_effective_rank,0.22949358594473365,,0.4955,0.49550000000000005,0.10549554944038392,uniform
uniform_live_quality_seed7111473167050986645,live_epoch_0064,64,8000,19a,q19a_jacobian_effective_rank,0.2409665618565391,,0.5045,0.5045,0.10387999415397645,uniform
uniform_live_quality_seed7111473167050986645,live_epoch_0065,65,8125,19a,q19a_jacobian_effective_rank,0.2365238024647501,,0.503,0.503,0.10445783424377442,uniform
uniform_live_quality_seed7111473167050986645,live_epoch_0066,66,8250,19a,q19a_jacobian_effective_rank,0.236135533384443,,0.5095,0.5095000000000001,0.10450446462631226,uniform
uniform_live_quality_seed7111473167050986645,live_epoch_0067,67,8375,19a,q19a_jacobian_effective_rank,0.24187640144375921,,0.5165,0.5165,0.10628911423683167,uniform
uniform_live_quality_seed7111473167050986645,live_epoch_0068,68,8500,19a,q19a_jacobian_effective_rank,0.23881551942820117,,0.509,0.509,0.10491162157058716,uniform
uniform_live_quality_seed7111473167050986645,live_epoch_0069,69,8625,19a,q19a_jacobian_effective_rank,0.22586709332697208,,0.5165,0.5165,0.10478554248809814,uniform
uniform_live_quality_seed7111473167050986645,live_epoch_0070,70,8750,19a,q19a_jacobian_effective_rank,0.23568383148097397,,0.526,0.526,0.10515108442306519,uniform
uniform_live_quality_seed7111473167050986645,live_epoch_0071,71,8875,19a,q19a_jacobian_effective_rank,0.23197932853910908,,0.532,0.532,0.10542909002304077,uniform
uniform_live_quality_seed7111473167050986645,live_epoch_0072,72,9000,19a,q19a_jacobian_effective_rank,0.2337352859509414,,0.547,0.5469999999999999,0.10938835644721985,uniform
uniform_live_quality_seed7111473167050986645,live_epoch_0073,73,9125,19a,q19a_jacobian_effective_rank,0.23814483949631604,,0.53,0.53,0.10520164799690247,uniform
uniform_live_quality_seed7111473167050986645,live_epoch_0074,74,9250,19a,q19a_jacobian_effective_rank,0.2301454774306667,,0.541,0.5409999999999999,0.1059716911315918,uniform
uniform_live_quality_seed7111473167050986645,live_epoch_0075,75,9375,19a,q19a_jacobian_effective_rank,0.23703252493585827,,0.5585,0.5585,0.10875931549072265,uniform
uniform_live_quality_seed7111473167050986645,live_epoch_0076,76,9500,19a,q19a_jacobian_effective_rank,0.24038397550292906,,0.5575,0.5575,0.10576828289031982,uniform
uniform_live_quality_seed7111473167050986645,live_epoch_0077,77,9625,19a,q19a_jacobian_effective_rank,0.228829519508874,,0.5525,0.5525,0.10509442782402038,uniform
uniform_live_quality_seed7111473167050986645,live_epoch_0078,78,9750,19a,q19a_jacobian_effective_rank,0.24181189733612063,,0.5555,0.5555,0.10417660427093506,uniform
uniform_live_quality_seed7111473167050986645,live_epoch_0079,79,9875,19a,q19a_jacobian_effective_rank,0.23980830866223662,,0.558,0.558,0.10485398697853088,uniform
uniform_live_quality_seed7111473167050986645,live_epoch_0080,80,10000,19a,q19a_jacobian_effective_rank,0.226587716616977,,0.5555,0.5555,0.10604727077484132,uniform
uniform_live_quality_seed7111473167050986645,live_epoch_0081,81,10125,19a,q19a_jacobian_effective_rank,0.23123300547746753,,0.562,0.562,0.10598238253593445,uniform
uniform_live_quality_seed7111473167050986645,live_epoch_0082,82,10250,19a,q19a_jacobian_effective_rank,0.22558932421116962,,0.551,0.5509999999999999,0.10721569752693176,uniform
uniform_live_quality_seed7111473167050986645,live_epoch_0083,83,10375,19a,q19a_jacobian_effective_rank,0.22496521985654125,,0.5525,0.5525,0.10503653478622436,uniform
uniform_live_quality_seed7111473167050986645,live_epoch_0084,84,10500,19a,q19a_jacobian_effective_rank,0.2283845693772946,,0.5535,0.5535,0.10542078185081481,uniform
uniform_live_quality_seed7111473167050986645,live_epoch_0085,85,10625,19a,q19a_jacobian_effective_rank,0.22514912760008954,,0.573,0.573,0.10830363798141479,uniform
uniform_live_quality_seed7111473167050986645,live_epoch_0086,86,10750,19a,q19a_jacobian_effective_rank,0.22663382226611903,,0.5655,0.5655000000000001,0.10777672719955445,uniform
uniform_live_quality_seed7111473167050986645,live_epoch_0087,87,10875,19a,q19a_jacobian_effective_rank,0.22330903965760626,,0.561,0.561,0.10287943577766419,uniform
uniform_live_quality_seed7111473167050986645,live_epoch_0088,88,11000,19a,q19a_jacobian_effective_rank,0.22338716801641897,,0.5735,0.5735,0.10605844211578369,uniform
uniform_live_quality_seed7111473167050986645,live_epoch_0089,89,11125,19a,q19a_jacobian_effective_rank,0.21971217517539426,,0.566,0.566,0.1059640610218048,uniform
uniform_live_quality_seed7111473167050986645,live_epoch_0090,90,11250,19a,q19a_jacobian_effective_rank,0.21814449288761914,,0.5845,0.5845,0.10424339008331299,uniform
uniform_live_quality_seed7111473167050986645,live_epoch_0091,91,11375,19a,q19a_jacobian_effective_rank,0.2184162770908291,,0.579,0.579,0.10716842889785766,uniform
uniform_live_quality_seed7111473167050986645,live_epoch_0092,92,11500,19a,q19a_jacobian_effective_rank,0.2216579274306277,,0.5925,0.5925,0.10801207733154297,uniform
uniform_live_quality_seed7111473167050986645,live_epoch_0093,93,11625,19a,q19a_jacobian_effective_rank,0.2128448519898851,,0.564,0.5640000000000001,0.1052492790222168,uniform
uniform_live_quality_seed7111473167050986645,live_epoch_0094,94,11750,19a,q19a_jacobian_effective_rank,0.2138625588756217,,0.59,0.59,0.10582787275314331,uniform
uniform_live_quality_seed7111473167050986645,live_epoch_0095,95,11875,19a,q19a_jacobian_effective_rank,0.20355698649141152,,0.5915,0.5915,0.10494300127029418,uniform
uniform_live_quality_seed7111473167050986645,live_epoch_0096,96,12000,19a,q19a_jacobian_effective_rank,0.20190839817886494,,0.604,0.604,0.10446972298622131,uniform
uniform_live_quality_seed7111473167050986645,live_epoch_0097,97,12125,19a,q19a_jacobian_effective_rank,0.20088760216766488,,0.608,0.608,0.10413691973686218,uniform
uniform_live_quality_seed7111473167050986645,live_epoch_0098,98,12250,19a,q19a_jacobian_effective_rank,0.19932473056463296,,0.615,0.615,0.10516011047363281,uniform
uniform_live_quality_seed7111473167050986645,live_epoch_0099,99,12375,19a,q19a_jacobian_effective_rank,0.19360259758291537,,0.613,0.613,0.10320265579223632,uniform
uniform_live_quality_seed7111473167050986645,live_epoch_0100,100,12500,19a,q19a_jacobian_effective_rank,0.19319079498767674,,0.6235,0.6234999999999999,0.10917238426208496,uniform
uniform_live_quality_seed7111473167050986645,live_epoch_0001,1,125,19b,q19b_jacobian_density_tau_1em3,,degenerate_partition,0.4195,0.4195,0.0011213373318314551,uniform
uniform_live_quality_seed7111473167050986645,live_epoch_0002,2,250,19b,q19b_jacobian_density_tau_1em3,,degenerate_partition,0.392,0.39199999999999996,0.0002901921896263957,uniform
uniform_live_quality_seed7111473167050986645,live_epoch_0003,3,375,19b,q19b_jacobian_density_tau_1em3,0.9948866102430556,,0.3995,0.39949999999999997,0.00012927067186683415,uniform
uniform_live_quality_seed7111473167050986645,live_epoch_0004,4,500,19b,q19b_jacobian_density_tau_1em3,0.9953206380208334,,0.4135,0.4135,0.00017340463353320956,uniform
uniform_live_quality_seed7111473167050986645,live_epoch_0005,5,625,19b,q19b_jacobian_density_tau_1em3,0.9960530598958334,,0.414,0.414,7.838597777299583e-05,uniform
uniform_live_quality_seed7111473167050986645,live_epoch_0006,6,750,19b,q19b_jacobian_density_tau_1em3,0.9973822699652778,,0.4175,0.4175,0.00013151315180584788,uniform
uniform_live_quality_seed7111473167050986645,live_epoch_0007,7,875,19b,q19b_jacobian_density_tau_1em3,0.994384765625,,0.4205,0.4205,6.605390808545053e-05,uniform
uniform_live_quality_seed7111473167050986645,live_epoch_0008,8,1000,19b,q19b_jacobian_density_tau_1em3,0.9942355685763888,,0.431,0.43099999999999994,6.425896589644253e-05,uniform
uniform_live_quality_seed7111473167050986645,live_epoch_0009,9,1125,19b,q19b_jacobian_density_tau_1em3,0.9946424696180556,,0.4315,0.43149999999999994,6.084494199603796e-05,uniform
uniform_live_quality_seed7111473167050986645,live_epoch_0010,10,1250,19b,q19b_jacobian_density_tau_1em3,0.9953884548611112,,0.428,0.428,5.844392580911517e-05,uniform
uniform_live_quality_seed7111473167050986645,live_epoch_0011,11,1375,19b,q19b_jacobian_density_tau_1em3,0.9935845269097222,,0.426,0.426,5.508617148734629e-05,uniform
uniform_live_quality_seed7111473167050986645,live_epoch_0012,12,1500,19b,q19b_jacobian_density_tau_1em3,0.9940863715277778,,0.4355,0.43549999999999994,5.390474852174521e-05,uniform
uniform_live_quality_seed7111473167050986645,live_epoch_0013,13,1625,19b,q19b_jacobian_density_tau_1em3,0.9960394965277778,,0.4365,0.43649999999999994,5.2589790197089315e-05,uniform
uniform_live_quality_seed7111473167050986645,live_epoch_0014,14,1750,19b,q19b_jacobian_density_tau_1em3,0.9952663845486112,,0.435,0.435,5.4997465573251245e-05,uniform
uniform_live_quality_seed7111473167050986645,live_epoch_0015,15,1875,19b,q19b_jacobian_density_tau_1em3,0.9956732855902778,,0.436,0.436,5.163274868391454e-05,uniform
uniform_live_quality_seed7111473167050986645,live_epoch_0016,16,2000,19b,q19b_jacobian_density_tau_1em3,0.9959988064236112,,0.4345,0.43449999999999994,5.3632036782801154e-05,uniform
uniform_live_quality_seed7111473167050986645,live_epoch_0017,17,2125,19b,q19b_jacobian_density_tau_1em3,0.9930419921875,,0.431,0.431,5.503734084777534e-05,uniform
uniform_live_quality_seed7111473167050986645,live_epoch_0018,18,2250,19b,q19b_jacobian_density_tau_1em3,0.9942626953125,,0.435,0.43499999999999994,5.960970651358366e-05,uniform
uniform_live_quality_seed7111473167050986645,live_epoch_0019,19,2375,19b,q19b_jacobian_density_tau_1em3,0.9954155815972222,,0.4325,0.4325,6.558159808628262e-05,uniform
uniform_live_quality_seed7111473167050986645,live_epoch_0020,20,2500,19b,q19b_jacobian_density_tau_1em3,,degenerate_partition,0.433,0.433,7.839183881878853e-05,uniform
uniform_live_quality_seed7111473167050986645,live_epoch_0021,21,2625,19b,q19b_jacobian_density_tau_1em3,0.9929741753472222,,0.4255,0.4255,0.00010045370319858193,uniform
uniform_live_quality_seed7111473167050986645,live_epoch_0022,22,2750,19b,q19b_jacobian_density_tau_1em3,0.9951171875,,0.4255,0.4255,0.0001359921428374946,uniform
uniform_live_quality_seed7111473167050986645,live_epoch_0023,23,2875,19b,q19b_jacobian_density_tau_1em3,,degenerate_partition,0.4115,0.4115,0.0002048513637855649,uniform
uniform_live_quality_seed7111473167050986645,live_epoch_0024,24,3000,19b,q19b_jacobian_density_tau_1em3,,degenerate_partition,0.4005,0.40049999999999997,0.0010367267318069934,uniform
uniform_live_quality_seed7111473167050986645,live_epoch_0025,25,3125,19b,q19b_jacobian_density_tau_1em3,,degenerate_partition,0.386,0.38599999999999995,0.003345674552023411,uniform
uniform_live_quality_seed7111473167050986645,live_epoch_0026,26,3250,19b,q19b_jacobian_density_tau_1em3,,degenerate_partition,0.3985,0.3985,0.0060667493641376495,uniform
uniform_live_quality_seed7111473167050986645,live_epoch_0027,27,3375,19b,q19b_jacobian_density_tau_1em3,,degenerate_partition,0.3695,0.36950000000000005,0.013429269298911094,uniform
uniform_live_quality_seed7111473167050986645,live_epoch_0028,28,3500,19b,q19b_jacobian_density_tau_1em3,,degenerate_partition,0.358,0.358,0.03115568393468857,uniform
uniform_live_quality_seed7111473167050986645,live_epoch_0029,29,3625,19b,q19b_jacobian_density_tau_1em3,,degenerate_partition,0.3425,0.3425,0.056627493262290954,uniform
uniform_live_quality_seed7111473167050986645,live_epoch_0030,30,3750,19b,q19b_jacobian_density_tau_1em3,,degenerate_partition,0.3635,0.3635,0.09948172736167908,uniform
uniform_live_quality_seed7111473167050986645,live_epoch_0031,31,3875,19b,q19b_jacobian_density_tau_1em3,0.9972737630208334,,0.3955,0.39549999999999996,0.1050968461036682,uniform
uniform_live_quality_seed7111473167050986645,live_epoch_0032,32,4000,19b,q19b_jacobian_density_tau_1em3,0.9968397352430556,,0.393,0.393,0.12442151761054993,uniform
uniform_live_quality_seed7111473167050986645,live_epoch_0033,33,4125,19b,q19b_jacobian_density_tau_1em3,,degenerate_partition,0.395,0.395,0.10571711552143097,uniform
uniform_live_quality_seed7111473167050986645,live_epoch_0034,34,4250,19b,q19b_jacobian_density_tau_1em3,0.996826171875,,0.401,0.401,0.11233610916137696,uniform
uniform_live_quality_seed7111473167050986645,live_epoch_0035,35,4375,19b,q19b_jacobian_density_tau_1em3,,degenerate_partition,0.3975,0.3975,0.11043914377689362,uniform
uniform_live_quality_seed7111473167050986645,live_epoch_0036,36,4500,19b,q19b_jacobian_density_tau_1em3,,degenerate_partition,0.3965,0.3965,0.10376330041885376,uniform
uniform_live_quality_seed7111473167050986645,live_epoch_0037,37,4625,19b,q19b_jacobian_density_tau_1em3,0.9971110026041666,,0.421,0.421,0.1082879683971405,uniform
uniform_live_quality_seed7111473167050986645,live_epoch_0038,38,4750,19b,q19b_jacobian_density_tau_1em3,0.9967990451388888,,0.42,0.42,0.10512582957744598,uniform
uniform_live_quality_seed7111473167050986645,live_epoch_0039,39,4875,19b,q19b_jacobian_density_tau_1em3,,degenerate_partition,0.4345,0.43450000000000005,0.10733225798606873,uniform
uniform_live_quality_seed7111473167050986645,live_epoch_0040,40,5000,19b,q19b_jacobian_density_tau_1em3,0.9969482421875,,0.426,0.42600000000000005,0.10427827513217926,uniform
uniform_live_quality_seed7111473167050986645,live_epoch_0041,41,5125,19b,q19b_jacobian_density_tau_1em3,0.9966227213541666,,0.4255,0.4255,0.09806675982475281,uniform
uniform_live_quality_seed7111473167050986645,live_epoch_0042,42,5250,19b,q19b_jacobian_density_tau_1em3,0.9959852430555556,,0.44,0.44,0.09902878022193909,uniform
uniform_live_quality_seed7111473167050986645,live_epoch_0043,43,5375,19b,q19b_jacobian_density_tau_1em3,0.9966498480902778,,0.459,0.459,0.09427746748924255,uniform
uniform_live_quality_seed7111473167050986645,live_epoch_0044,44,5500,19b,q19b_jacobian_density_tau_1em3,0.9967176649305556,,0.44,0.44,0.09379401409626006,uniform
uniform_live_quality_seed7111473167050986645,live_epoch_0045,45,5625,19b,q19b_jacobian_density_tau_1em3,0.9964463975694444,,0.444,0.444,0.09166138148307801,uniform
uniform_live_quality_seed7111473167050986645,live_epoch_0046,46,5750,19b,q19b_jacobian_density_tau_1em3,0.9969618055555556,,0.435,0.43500000000000005,0.09129389607906342,uniform
uniform_live_quality_seed7111473167050986645,live_epoch_0047,47,5875,19b,q19b_jacobian_density_tau_1em3,0.9965955946180556,,0.4405,0.4405,0.09181567740440369,uniform
uniform_live_quality_seed7111473167050986645,live_epoch_0048,48,6000,19b,q19b_jacobian_density_tau_1em3,0.9967041015625,,0.424,0.424,0.09308186984062194,uniform
uniform_live_quality_seed7111473167050986645,live_epoch_0049,49,6125,19b,q19b_jacobian_density_tau_1em3,0.9968804253472222,,0.433,0.433,0.09291269564628601,uniform
uniform_live_quality_seed7111473167050986645,live_epoch_0050,50,6250,19b,q19b_jacobian_density_tau_1em3,0.9971652560763888,,0.4425,0.4425,0.09371004223823548,uniform
uniform_live_quality_seed7111473167050986645,live_epoch_0051,51,6375,19b,q19b_jacobian_density_tau_1em3,0.9972466362847222,,0.428,0.42800000000000005,0.09500530290603637,uniform
uniform_live_quality_seed7111473167050986645,live_epoch_0052,52,6500,19b,q19b_jacobian_density_tau_1em3,0.9970567491319444,,0.427,0.42699999999999994,0.09625404715538025,uniform
uniform_live_quality_seed7111473167050986645,live_epoch_0053,53,6625,19b,q19b_jacobian_density_tau_1em3,0.9967719184027778,,0.4405,0.4405,0.09607635998725891,uniform
uniform_live_quality_seed7111473167050986645,live_epoch_0054,54,6750,19b,q19b_jacobian_density_tau_1em3,0.9971245659722222,,0.4445,0.4445,0.09568634295463561,uniform
uniform_live_quality_seed7111473167050986645,live_epoch_0055,55,6875,19b,q19b_jacobian_density_tau_1em3,0.9969346788194444,,0.439,0.43899999999999995,0.10051087927818299,uniform
uniform_live_quality_seed7111473167050986645,live_epoch_0056,56,7000,19b,q19b_jacobian_density_tau_1em3,0.9967719184027778,,0.433,0.43299999999999994,0.10100525164604188,uniform
uniform_live_quality_seed7111473167050986645,live_epoch_0057,57,7125,19b,q19b_jacobian_density_tau_1em3,0.9972873263888888,,0.4285,0.4285,0.1013157913684845,uniform
uniform_live_quality_seed7111473167050986645,live_epoch_0058,58,7250,19b,q19b_jacobian_density_tau_1em3,0.9965006510416666,,0.443,0.44299999999999995,0.10295857286453247,uniform
uniform_live_quality_seed7111473167050986645,live_epoch_0059,59,7375,19b,q19b_jacobian_density_tau_1em3,0.9968126085069444,,0.4495,0.4495,0.10294777154922485,uniform
uniform_live_quality_seed7111473167050986645,live_epoch_0060,60,7500,19b,q19b_jacobian_density_tau_1em3,0.9968804253472222,,0.469,0.469,0.10535053825378418,uniform
uniform_live_quality_seed7111473167050986645,live_epoch_0061,61,7625,19b,q19b_jacobian_density_tau_1em3,0.9967583550347222,,0.4775,0.47750000000000004,0.10395824193954467,uniform
uniform_live_quality_seed7111473167050986645,live_epoch_0062,62,7750,19b,q19b_jacobian_density_tau_1em3,0.9968804253472222,,0.5045,0.5045000000000001,0.10320230007171631,uniform
uniform_live_quality_seed7111473167050986645,live_epoch_0063,63,7875,19b,q19b_jacobian_density_tau_1em3,0.9968532986111112,,0.4955,0.49550000000000005,0.10549554944038392,uniform
uniform_live_quality_seed7111473167050986645,live_epoch_0064,64,8000,19b,q19b_jacobian_density_tau_1em3,0.9969075520833334,,0.5045,0.5045,0.10387999415397645,uniform
uniform_live_quality_seed7111473167050986645,live_epoch_0065,65,8125,19b,q19b_jacobian_density_tau_1em3,0.9966769748263888,,0.503,0.503,0.10445783424377442,uniform
uniform_live_quality_seed7111473167050986645,live_epoch_0066,66,8250,19b,q19b_jacobian_density_tau_1em3,0.9968804253472222,,0.5095,0.5095000000000001,0.10450446462631226,uniform
uniform_live_quality_seed7111473167050986645,live_epoch_0067,67,8375,19b,q19b_jacobian_density_tau_1em3,0.9967854817708334,,0.5165,0.5165,0.10628911423683167,uniform
uniform_live_quality_seed7111473167050986645,live_epoch_0068,68,8500,19b,q19b_jacobian_density_tau_1em3,0.9969753689236112,,0.509,0.509,0.10491162157058716,uniform
uniform_live_quality_seed7111473167050986645,live_epoch_0069,69,8625,19b,q19b_jacobian_density_tau_1em3,0.9967312282986112,,0.5165,0.5165,0.10478554248809814,uniform
uniform_live_quality_seed7111473167050986645,live_epoch_0070,70,8750,19b,q19b_jacobian_density_tau_1em3,0.9964192708333334,,0.526,0.526,0.10515108442306519,uniform
uniform_live_quality_seed7111473167050986645,live_epoch_0071,71,8875,19b,q19b_jacobian_density_tau_1em3,0.9969211154513888,,0.532,0.532,0.10542909002304077,uniform
uniform_live_quality_seed7111473167050986645,live_epoch_0072,72,9000,19b,q19b_jacobian_density_tau_1em3,0.9966498480902778,,0.547,0.5469999999999999,0.10938835644721985,uniform
uniform_live_quality_seed7111473167050986645,live_epoch_0073,73,9125,19b,q19b_jacobian_density_tau_1em3,0.9966905381944444,,0.53,0.53,0.10520164799690247,uniform
uniform_live_quality_seed7111473167050986645,live_epoch_0074,74,9250,19b,q19b_jacobian_density_tau_1em3,0.9967583550347222,,0.541,0.5409999999999999,0.1059716911315918,uniform
uniform_live_quality_seed7111473167050986645,live_epoch_0075,75,9375,19b,q19b_jacobian_density_tau_1em3,0.9970160590277778,,0.5585,0.5585,0.10875931549072265,uniform
uniform_live_quality_seed7111473167050986645,live_epoch_0076,76,9500,19b,q19b_jacobian_density_tau_1em3,0.9966769748263888,,0.5575,0.5575,0.10576828289031982,uniform
uniform_live_quality_seed7111473167050986645,live_epoch_0077,77,9625,19b,q19b_jacobian_density_tau_1em3,0.9966769748263888,,0.5525,0.5525,0.10509442782402038,uniform
uniform_live_quality_seed7111473167050986645,live_epoch_0078,78,9750,19b,q19b_jacobian_density_tau_1em3,0.996826171875,,0.5555,0.5555,0.10417660427093506,uniform
uniform_live_quality_seed7111473167050986645,live_epoch_0079,79,9875,19b,q19b_jacobian_density_tau_1em3,0.9967041015625,,0.558,0.558,0.10485398697853088,uniform
uniform_live_quality_seed7111473167050986645,live_epoch_0080,80,10000,19b,q19b_jacobian_density_tau_1em3,0.9970567491319444,,0.5555,0.5555,0.10604727077484132,uniform
uniform_live_quality_seed7111473167050986645,live_epoch_0081,81,10125,19b,q19b_jacobian_density_tau_1em3,0.9966362847222222,,0.562,0.562,0.10598238253593445,uniform
uniform_live_quality_seed7111473167050986645,live_epoch_0082,82,10250,19b,q19b_jacobian_density_tau_1em3,0.9970296223958334,,0.551,0.5509999999999999,0.10721569752693176,uniform
uniform_live_quality_seed7111473167050986645,live_epoch_0083,83,10375,19b,q19b_jacobian_density_tau_1em3,0.9964870876736112,,0.5525,0.5525,0.10503653478622436,uniform
uniform_live_quality_seed7111473167050986645,live_epoch_0084,84,10500,19b,q19b_jacobian_density_tau_1em3,0.9971110026041666,,0.5535,0.5535,0.10542078185081481,uniform
uniform_live_quality_seed7111473167050986645,live_epoch_0085,85,10625,19b,q19b_jacobian_density_tau_1em3,0.9972601996527778,,0.573,0.573,0.10830363798141479,uniform
uniform_live_quality_seed7111473167050986645,live_epoch_0086,86,10750,19b,q19b_jacobian_density_tau_1em3,0.9967719184027778,,0.5655,0.5655000000000001,0.10777672719955445,uniform
uniform_live_quality_seed7111473167050986645,live_epoch_0087,87,10875,19b,q19b_jacobian_density_tau_1em3,0.9968397352430556,,0.561,0.561,0.10287943577766419,uniform
uniform_live_quality_seed7111473167050986645,live_epoch_0088,88,11000,19b,q19b_jacobian_density_tau_1em3,0.9966905381944444,,0.5735,0.5735,0.10605844211578369,uniform
uniform_live_quality_seed7111473167050986645,live_epoch_0089,89,11125,19b,q19b_jacobian_density_tau_1em3,0.9967583550347222,,0.566,0.566,0.1059640610218048,uniform
uniform_live_quality_seed7111473167050986645,live_epoch_0090,90,11250,19b,q19b_jacobian_density_tau_1em3,0.9969211154513888,,0.5845,0.5845,0.10424339008331299,uniform
uniform_live_quality_seed7111473167050986645,live_epoch_0091,91,11375,19b,q19b_jacobian_density_tau_1em3,0.9967719184027778,,0.579,0.579,0.10716842889785766,uniform
uniform_live_quality_seed7111473167050986645,live_epoch_0092,92,11500,19b,q19b_jacobian_density_tau_1em3,0.996826171875,,0.5925,0.5925,0.10801207733154297,uniform
uniform_live_quality_seed7111473167050986645,live_epoch_0093,93,11625,19b,q19b_jacobian_density_tau_1em3,0.9972873263888888,,0.564,0.5640000000000001,0.1052492790222168,uniform
uniform_live_quality_seed7111473167050986645,live_epoch_0094,94,11750,19b,q19b_jacobian_density_tau_1em3,0.9964328342013888,,0.59,0.59,0.10582787275314331,uniform
uniform_live_quality_seed7111473167050986645,live_epoch_0095,95,11875,19b,q19b_jacobian_density_tau_1em3,0.9963921440972222,,0.5915,0.5915,0.10494300127029418,uniform
uniform_live_quality_seed7111473167050986645,live_epoch_0096,96,12000,19b,q19b_jacobian_density_tau_1em3,0.9969482421875,,0.604,0.604,0.10446972298622131,uniform
uniform_live_quality_seed7111473167050986645,live_epoch_0097,97,12125,19b,q19b_jacobian_density_tau_1em3,0.9966091579861112,,0.608,0.608,0.10413691973686218,uniform
uniform_live_quality_seed7111473167050986645,live_epoch_0098,98,12250,19b,q19b_jacobian_density_tau_1em3,0.9964328342013888,,0.615,0.615,0.10516011047363281,uniform
uniform_live_quality_seed7111473167050986645,live_epoch_0099,99,12375,19b,q19b_jacobian_density_tau_1em3,0.9964463975694444,,0.613,0.613,0.10320265579223632,uniform
uniform_live_quality_seed7111473167050986645,live_epoch_0100,100,12500,19b,q19b_jacobian_density_tau_1em3,0.9961480034722222,,0.6235,0.6234999999999999,0.10917238426208496,uniform
uniform_live_quality_seed7111473167050986645,live_epoch_0001,1,125,1,q1_cross_covariance,,degenerate_partition,0.4195,0.4195,0.0011213373318314551,uniform
uniform_live_quality_seed7111473167050986645,live_epoch_0002,2,250,1,q1_cross_covariance,,degenerate_partition,0.392,0.39199999999999996,0.0002901921896263957,uniform
uniform_live_quality_seed7111473167050986645,live_epoch_0003,3,375,1,q1_cross_covariance,0.5734700700007467,,0.3995,0.39949999999999997,0.00012927067186683415,uniform
uniform_live_quality_seed7111473167050986645,live_epoch_0004,4,500,1,q1_cross_covariance,0.587117178875068,,0.4135,0.4135,0.00017340463353320956,uniform
uniform_live_quality_seed7111473167050986645,live_epoch_0005,5,625,1,q1_cross_covariance,0.5525766881726615,,0.414,0.414,7.838597777299583e-05,uniform
uniform_live_quality_seed7111473167050986645,live_epoch_0006,6,750,1,q1_cross_covariance,0.5697520614949206,,0.4175,0.4175,0.00013151315180584788,uniform
uniform_live_quality_seed7111473167050986645,live_epoch_0007,7,875,1,q1_cross_covariance,0.5226740907185704,,0.4205,0.4205,6.605390808545053e-05,uniform
uniform_live_quality_seed7111473167050986645,live_epoch_0008,8,1000,1,q1_cross_covariance,0.5032908012850693,,0.431,0.43099999999999994,6.425896589644253e-05,uniform
uniform_live_quality_seed7111473167050986645,live_epoch_0009,9,1125,1,q1_cross_covariance,0.4719661115041783,,0.4315,0.43149999999999994,6.084494199603796e-05,uniform
uniform_live_quality_seed7111473167050986645,live_epoch_0010,10,1250,1,q1_cross_covariance,0.5062590457997624,,0.428,0.428,5.844392580911517e-05,uniform
uniform_live_quality_seed7111473167050986645,live_epoch_0011,11,1375,1,q1_cross_covariance,0.4826137309067021,,0.426,0.426,5.508617148734629e-05,uniform
uniform_live_quality_seed7111473167050986645,live_epoch_0012,12,1500,1,q1_cross_covariance,0.5041309153947691,,0.4355,0.43549999999999994,5.390474852174521e-05,uniform
uniform_live_quality_seed7111473167050986645,live_epoch_0013,13,1625,1,q1_cross_covariance,0.5070348007285994,,0.4365,0.43649999999999994,5.2589790197089315e-05,uniform
uniform_live_quality_seed7111473167050986645,live_epoch_0014,14,1750,1,q1_cross_covariance,0.5232817078900973,,0.435,0.435,5.4997465573251245e-05,uniform
uniform_live_quality_seed7111473167050986645,live_epoch_0015,15,1875,1,q1_cross_covariance,0.5636122161089359,,0.436,0.436,5.163274868391454e-05,uniform
uniform_live_quality_seed7111473167050986645,live_epoch_0016,16,2000,1,q1_cross_covariance,0.5774926933583552,,0.4345,0.43449999999999994,5.3632036782801154e-05,uniform
uniform_live_quality_seed7111473167050986645,live_epoch_0017,17,2125,1,q1_cross_covariance,0.642234878132935,,0.431,0.431,5.503734084777534e-05,uniform
uniform_live_quality_seed7111473167050986645,live_epoch_0018,18,2250,1,q1_cross_covariance,0.6598946759856572,,0.435,0.43499999999999994,5.960970651358366e-05,uniform
uniform_live_quality_seed7111473167050986645,live_epoch_0019,19,2375,1,q1_cross_covariance,0.6806431314137799,,0.4325,0.4325,6.558159808628262e-05,uniform
uniform_live_quality_seed7111473167050986645,live_epoch_0020,20,2500,1,q1_cross_covariance,,degenerate_partition,0.433,0.433,7.839183881878853e-05,uniform
uniform_live_quality_seed7111473167050986645,live_epoch_0021,21,2625,1,q1_cross_covariance,0.694961707509329,,0.4255,0.4255,0.00010045370319858193,uniform
uniform_live_quality_seed7111473167050986645,live_epoch_0022,22,2750,1,q1_cross_covariance,0.695862811756866,,0.4255,0.4255,0.0001359921428374946,uniform
uniform_live_quality_seed7111473167050986645,live_epoch_0023,23,2875,1,q1_cross_covariance,,degenerate_partition,0.4115,0.4115,0.0002048513637855649,uniform
uniform_live_quality_seed7111473167050986645,live_epoch_0024,24,3000,1,q1_cross_covariance,,degenerate_partition,0.4005,0.40049999999999997,0.0010367267318069934,uniform
uniform_live_quality_seed7111473167050986645,live_epoch_0025,25,3125,1,q1_cross_covariance,,degenerate_partition,0.386,0.38599999999999995,0.003345674552023411,uniform
uniform_live_quality_seed7111473167050986645,live_epoch_0026,26,3250,1,q1_cross_covariance,,degenerate_partition,0.3985,0.3985,0.0060667493641376495,uniform
uniform_live_quality_seed7111473167050986645,live_epoch_0027,27,3375,1,q1_cross_covariance,,degenerate_partition,0.3695,0.36950000000000005,0.013429269298911094,uniform
uniform_live_quality_seed7111473167050986645,live_epoch_0028,28,3500,1,q1_cross_covariance,,degenerate_partition,0.358,0.358,0.03115568393468857,uniform
uniform_live_quality_seed7111473167050986645,live_epoch_0029,29,3625,1,q1_cross_covariance,,degenerate_partition,0.3425,0.3425,0.056627493262290954,uniform
uniform_live_quality_seed7111473167050986645,live_epoch_0030,30,3750,1,q1_cross_covariance,,degenerate_partition,0.3635,0.3635,0.09948172736167908,uniform
uniform_live_quality_seed7111473167050986645,live_epoch_0031,31,3875,1,q1_cross_covariance,0.6069182587139864,,0.3955,0.39549999999999996,0.1050968461036682,uniform
uniform_live_quality_seed7111473167050986645,live_epoch_0032,32,4000,1,q1_cross_covariance,0.5978446669410633,,0.393,0.393,0.12442151761054993,uniform
uniform_live_quality_seed7111473167050986645,live_epoch_0033,33,4125,1,q1_cross_covariance,,degenerate_partition,0.395,0.395,0.10571711552143097,uniform
uniform_live_quality_seed7111473167050986645,live_epoch_0034,34,4250,1,q1_cross_covariance,0.6276859033894266,,0.401,0.401,0.11233610916137696,uniform
uniform_live_quality_seed7111473167050986645,live_epoch_0035,35,4375,1,q1_cross_covariance,,degenerate_partition,0.3975,0.3975,0.11043914377689362,uniform
uniform_live_quality_seed7111473167050986645,live_epoch_0036,36,4500,1,q1_cross_covariance,,degenerate_partition,0.3965,0.3965,0.10376330041885376,uniform
uniform_live_quality_seed7111473167050986645,live_epoch_0037,37,4625,1,q1_cross_covariance,0.6357850769969124,,0.421,0.421,0.1082879683971405,uniform
uniform_live_quality_seed7111473167050986645,live_epoch_0038,38,4750,1,q1_cross_covariance,0.5581396992641873,,0.42,0.42,0.10512582957744598,uniform
uniform_live_quality_seed7111473167050986645,live_epoch_0039,39,4875,1,q1_cross_covariance,,degenerate_partition,0.4345,0.43450000000000005,0.10733225798606873,uniform
uniform_live_quality_seed7111473167050986645,live_epoch_0040,40,5000,1,q1_cross_covariance,0.4959568681890382,,0.426,0.42600000000000005,0.10427827513217926,uniform
uniform_live_quality_seed7111473167050986645,live_epoch_0041,41,5125,1,q1_cross_covariance,0.4713326177863208,,0.4255,0.4255,0.09806675982475281,uniform
uniform_live_quality_seed7111473167050986645,live_epoch_0042,42,5250,1,q1_cross_covariance,0.537924550170229,,0.44,0.44,0.09902878022193909,uniform
uniform_live_quality_seed7111473167050986645,live_epoch_0043,43,5375,1,q1_cross_covariance,0.5477014416314301,,0.459,0.459,0.09427746748924255,uniform
uniform_live_quality_seed7111473167050986645,live_epoch_0044,44,5500,1,q1_cross_covariance,0.5824126964394102,,0.44,0.44,0.09379401409626006,uniform
uniform_live_quality_seed7111473167050986645,live_epoch_0045,45,5625,1,q1_cross_covariance,0.587404474133338,,0.444,0.444,0.09166138148307801,uniform
uniform_live_quality_seed7111473167050986645,live_epoch_0046,46,5750,1,q1_cross_covariance,0.4713206144829843,,0.435,0.43500000000000005,0.09129389607906342,uniform
uniform_live_quality_seed7111473167050986645,live_epoch_0047,47,5875,1,q1_cross_covariance,0.5138302729322026,,0.4405,0.4405,0.09181567740440369,uniform
uniform_live_quality_seed7111473167050986645,live_epoch_0048,48,6000,1,q1_cross_covariance,0.5595634034247878,,0.424,0.424,0.09308186984062194,uniform
uniform_live_quality_seed7111473167050986645,live_epoch_0049,49,6125,1,q1_cross_covariance,0.47628495792346404,,0.433,0.433,0.09291269564628601,uniform
uniform_live_quality_seed7111473167050986645,live_epoch_0050,50,6250,1,q1_cross_covariance,0.513366578116251,,0.4425,0.4425,0.09371004223823548,uniform
uniform_live_quality_seed7111473167050986645,live_epoch_0051,51,6375,1,q1_cross_covariance,0.4884501948966993,,0.428,0.42800000000000005,0.09500530290603637,uniform
uniform_live_quality_seed7111473167050986645,live_epoch_0052,52,6500,1,q1_cross_covariance,0.49925802015392134,,0.427,0.42699999999999994,0.09625404715538025,uniform
uniform_live_quality_seed7111473167050986645,live_epoch_0053,53,6625,1,q1_cross_covariance,0.4749925796174449,,0.4405,0.4405,0.09607635998725891,uniform
uniform_live_quality_seed7111473167050986645,live_epoch_0054,54,6750,1,q1_cross_covariance,0.3938869312245121,,0.4445,0.4445,0.09568634295463561,uniform
uniform_live_quality_seed7111473167050986645,live_epoch_0055,55,6875,1,q1_cross_covariance,0.3431359913900431,,0.439,0.43899999999999995,0.10051087927818299,uniform
uniform_live_quality_seed7111473167050986645,live_epoch_0056,56,7000,1,q1_cross_covariance,0.494370819962963,,0.433,0.43299999999999994,0.10100525164604188,uniform
uniform_live_quality_seed7111473167050986645,live_epoch_0057,57,7125,1,q1_cross_covariance,0.4237948818765801,,0.4285,0.4285,0.1013157913684845,uniform
uniform_live_quality_seed7111473167050986645,live_epoch_0058,58,7250,1,q1_cross_covariance,0.38265177053548466,,0.443,0.44299999999999995,0.10295857286453247,uniform
uniform_live_quality_seed7111473167050986645,live_epoch_0059,59,7375,1,q1_cross_covariance,0.41173224605684006,,0.4495,0.4495,0.10294777154922485,uniform
uniform_live_quality_seed7111473167050986645,live_epoch_0060,60,7500,1,q1_cross_covariance,0.38887745228125353,,0.469,0.469,0.10535053825378418,uniform
uniform_live_quality_seed7111473167050986645,live_epoch_0061,61,7625,1,q1_cross_covariance,0.37261592455163683,,0.4775,0.47750000000000004,0.10395824193954467,uniform
uniform_live_quality_seed7111473167050986645,live_epoch_0062,62,7750,1,q1_cross_covariance,0.3540653691654321,,0.5045,0.5045000000000001,0.10320230007171631,uniform
uniform_live_quality_seed7111473167050986645,live_epoch_0063,63,7875,1,q1_cross_covariance,0.30049883965769064,,0.4955,0.49550000000000005,0.10549554944038392,uniform
uniform_live_quality_seed7111473167050986645,live_epoch_0064,64,8000,1,q1_cross_covariance,0.34784320678919284,,0.5045,0.5045,0.10387999415397645,uniform
uniform_live_quality_seed7111473167050986645,live_epoch_0065,65,8125,1,q1_cross_covariance,0.3301607999047306,,0.503,0.503,0.10445783424377442,uniform
uniform_live_quality_seed7111473167050986645,live_epoch_0066,66,8250,1,q1_cross_covariance,0.33392999496130343,,0.5095,0.5095000000000001,0.10450446462631226,uniform
uniform_live_quality_seed7111473167050986645,live_epoch_0067,67,8375,1,q1_cross_covariance,0.3365180356284874,,0.5165,0.5165,0.10628911423683167,uniform
uniform_live_quality_seed7111473167050986645,live_epoch_0068,68,8500,1,q1_cross_covariance,0.31916422096281666,,0.509,0.509,0.10491162157058716,uniform
uniform_live_quality_seed7111473167050986645,live_epoch_0069,69,8625,1,q1_cross_covariance,0.36268234942575084,,0.5165,0.5165,0.10478554248809814,uniform
uniform_live_quality_seed7111473167050986645,live_epoch_0070,70,8750,1,q1_cross_covariance,0.3117698515946864,,0.526,0.526,0.10515108442306519,uniform
uniform_live_quality_seed7111473167050986645,live_epoch_0071,71,8875,1,q1_cross_covariance,0.3380260778733953,,0.532,0.532,0.10542909002304077,uniform
uniform_live_quality_seed7111473167050986645,live_epoch_0072,72,9000,1,q1_cross_covariance,0.29969581940045675,,0.547,0.5469999999999999,0.10938835644721985,uniform
uniform_live_quality_seed7111473167050986645,live_epoch_0073,73,9125,1,q1_cross_covariance,0.2978194023975078,,0.53,0.53,0.10520164799690247,uniform
uniform_live_quality_seed7111473167050986645,live_epoch_0074,74,9250,1,q1_cross_covariance,0.299236332475487,,0.541,0.5409999999999999,0.1059716911315918,uniform
uniform_live_quality_seed7111473167050986645,live_epoch_0075,75,9375,1,q1_cross_covariance,0.3180944429024326,,0.5585,0.5585,0.10875931549072265,uniform
uniform_live_quality_seed7111473167050986645,live_epoch_0076,76,9500,1,q1_cross_covariance,0.30010481605740885,,0.5575,0.5575,0.10576828289031982,uniform
uniform_live_quality_seed7111473167050986645,live_epoch_0077,77,9625,1,q1_cross_covariance,0.3281306882328312,,0.5525,0.5525,0.10509442782402038,uniform
uniform_live_quality_seed7111473167050986645,live_epoch_0078,78,9750,1,q1_cross_covariance,0.3108464604637806,,0.5555,0.5555,0.10417660427093506,uniform
uniform_live_quality_seed7111473167050986645,live_epoch_0079,79,9875,1,q1_cross_covariance,0.3447095726883574,,0.558,0.558,0.10485398697853088,uniform
uniform_live_quality_seed7111473167050986645,live_epoch_0080,80,10000,1,q1_cross_covariance,0.34001015249744215,,0.5555,0.5555,0.10604727077484132,uniform
uniform_live_quality_seed7111473167050986645,live_epoch_0081,81,10125,1,q1_cross_covariance,0.3073874912828369,,0.562,0.562,0.10598238253593445,uniform
uniform_live_quality_seed7111473167050986645,live_epoch_0082,82,10250,1,q1_cross_covariance,0.331903878747864,,0.551,0.5509999999999999,0.10721569752693176,uniform
uniform_live_quality_seed7111473167050986645,live_epoch_0083,83,10375,1,q1_cross_covariance,0.31191359107595623,,0.5525,0.5525,0.10503653478622436,uniform
uniform_live_quality_seed7111473167050986645,live_epoch_0084,84,10500,1,q1_cross_covariance,0.33174996260980233,,0.5535,0.5535,0.10542078185081481,uniform
uniform_live_quality_seed7111473167050986645,live_epoch_0085,85,10625,1,q1_cross_covariance,0.26581791181138914,,0.573,0.573,0.10830363798141479,uniform
uniform_live_quality_seed7111473167050986645,live_epoch_0086,86,10750,1,q1_cross_covariance,0.309738119804953,,0.5655,0.5655000000000001,0.10777672719955445,uniform
uniform_live_quality_seed7111473167050986645,live_epoch_0087,87,10875,1,q1_cross_covariance,0.33162784640912024,,0.561,0.561,0.10287943577766419,uniform
uniform_live_quality_seed7111473167050986645,live_epoch_0088,88,11000,1,q1_cross_covariance,0.30458637268214334,,0.5735,0.5735,0.10605844211578369,uniform
uniform_live_quality_seed7111473167050986645,live_epoch_0089,89,11125,1,q1_cross_covariance,0.28387022657203104,,0.566,0.566,0.1059640610218048,uniform
uniform_live_quality_seed7111473167050986645,live_epoch_0090,90,11250,1,q1_cross_covariance,0.3069504122954466,,0.5845,0.5845,0.10424339008331299,uniform
uniform_live_quality_seed7111473167050986645,live_epoch_0091,91,11375,1,q1_cross_covariance,0.2912078785794869,,0.579,0.579,0.10716842889785766,uniform
uniform_live_quality_seed7111473167050986645,live_epoch_0092,92,11500,1,q1_cross_covariance,0.2913259638831711,,0.5925,0.5925,0.10801207733154297,uniform
uniform_live_quality_seed7111473167050986645,live_epoch_0093,93,11625,1,q1_cross_covariance,0.3302347537491596,,0.564,0.5640000000000001,0.1052492790222168,uniform
uniform_live_quality_seed7111473167050986645,live_epoch_0094,94,11750,1,q1_cross_covariance,0.29628817203579316,,0.59,0.59,0.10582787275314331,uniform
uniform_live_quality_seed7111473167050986645,live_epoch_0095,95,11875,1,q1_cross_covariance,0.3096359796749143,,0.5915,0.5915,0.10494300127029418,uniform
uniform_live_quality_seed7111473167050986645,live_epoch_0096,96,12000,1,q1_cross_covariance,0.30850520184272373,,0.604,0.604,0.10446972298622131,uniform
uniform_live_quality_seed7111473167050986645,live_epoch_0097,97,12125,1,q1_cross_covariance,0.32062505440473366,,0.608,0.608,0.10413691973686218,uniform
uniform_live_quality_seed7111473167050986645,live_epoch_0098,98,12250,1,q1_cross_covariance,0.32223506294516563,,0.615,0.615,0.10516011047363281,uniform
uniform_live_quality_seed7111473167050986645,live_epoch_0099,99,12375,1,q1_cross_covariance,0.33315552328053144,,0.613,0.613,0.10320265579223632,uniform
uniform_live_quality_seed7111473167050986645,live_epoch_0100,100,12500,1,q1_cross_covariance,0.27341436909552697,,0.6235,0.6234999999999999,0.10917238426208496,uniform
uniform_live_quality_seed7111473167050986645,live_epoch_0001,1,125,20,q20_reconstruction_nmse,,degenerate_partition,0.4195,0.4195,0.0011213373318314551,uniform
uniform_live_quality_seed7111473167050986645,live_epoch_0002,2,250,20,q20_reconstruction_nmse,,degenerate_partition,0.392,0.39199999999999996,0.0002901921896263957,uniform
uniform_live_quality_seed7111473167050986645,live_epoch_0003,3,375,20,q20_reconstruction_nmse,0.5892758753283703,,0.3995,0.39949999999999997,0.00012927067186683415,uniform
uniform_live_quality_seed7111473167050986645,live_epoch_0004,4,500,20,q20_reconstruction_nmse,0.5876655640330075,,0.4135,0.4135,0.00017340463353320956,uniform
uniform_live_quality_seed7111473167050986645,live_epoch_0005,5,625,20,q20_reconstruction_nmse,0.5916302798373031,,0.414,0.414,7.838597777299583e-05,uniform
uniform_live_quality_seed7111473167050986645,live_epoch_0006,6,750,20,q20_reconstruction_nmse,0.5948573767850296,,0.4175,0.4175,0.00013151315180584788,uniform
uniform_live_quality_seed7111473167050986645,live_epoch_0007,7,875,20,q20_reconstruction_nmse,0.5865097732856231,,0.4205,0.4205,6.605390808545053e-05,uniform
uniform_live_quality_seed7111473167050986645,live_epoch_0008,8,1000,20,q20_reconstruction_nmse,0.5859446598494092,,0.431,0.43099999999999994,6.425896589644253e-05,uniform
uniform_live_quality_seed7111473167050986645,live_epoch_0009,9,1125,20,q20_reconstruction_nmse,0.5866010983748169,,0.4315,0.43149999999999994,6.084494199603796e-05,uniform
uniform_live_quality_seed7111473167050986645,live_epoch_0010,10,1250,20,q20_reconstruction_nmse,0.587457777255349,,0.428,0.428,5.844392580911517e-05,uniform
uniform_live_quality_seed7111473167050986645,live_epoch_0011,11,1375,20,q20_reconstruction_nmse,0.5864735981907968,,0.426,0.426,5.508617148734629e-05,uniform
uniform_live_quality_seed7111473167050986645,live_epoch_0012,12,1500,20,q20_reconstruction_nmse,0.587630593575084,,0.4355,0.43549999999999994,5.390474852174521e-05,uniform
uniform_live_quality_seed7111473167050986645,live_epoch_0013,13,1625,20,q20_reconstruction_nmse,0.587286047243874,,0.4365,0.43649999999999994,5.2589790197089315e-05,uniform
uniform_live_quality_seed7111473167050986645,live_epoch_0014,14,1750,20,q20_reconstruction_nmse,0.5843276071256001,,0.435,0.435,5.4997465573251245e-05,uniform
uniform_live_quality_seed7111473167050986645,live_epoch_0015,15,1875,20,q20_reconstruction_nmse,0.5828192816582681,,0.436,0.436,5.163274868391454e-05,uniform
uniform_live_quality_seed7111473167050986645,live_epoch_0016,16,2000,20,q20_reconstruction_nmse,0.5782913739223595,,0.4345,0.43449999999999994,5.3632036782801154e-05,uniform
uniform_live_quality_seed7111473167050986645,live_epoch_0017,17,2125,20,q20_reconstruction_nmse,0.5766456827776427,,0.431,0.431,5.503734084777534e-05,uniform
uniform_live_quality_seed7111473167050986645,live_epoch_0018,18,2250,20,q20_reconstruction_nmse,0.5717186103356116,,0.435,0.43499999999999994,5.960970651358366e-05,uniform
uniform_live_quality_seed7111473167050986645,live_epoch_0019,19,2375,20,q20_reconstruction_nmse,0.5692382773807872,,0.4325,0.4325,6.558159808628262e-05,uniform
uniform_live_quality_seed7111473167050986645,live_epoch_0020,20,2500,20,q20_reconstruction_nmse,,degenerate_partition,0.433,0.433,7.839183881878853e-05,uniform
uniform_live_quality_seed7111473167050986645,live_epoch_0021,21,2625,20,q20_reconstruction_nmse,0.5597368136578733,,0.4255,0.4255,0.00010045370319858193,uniform
uniform_live_quality_seed7111473167050986645,live_epoch_0022,22,2750,20,q20_reconstruction_nmse,0.5476720597055004,,0.4255,0.4255,0.0001359921428374946,uniform
uniform_live_quality_seed7111473167050986645,live_epoch_0023,23,2875,20,q20_reconstruction_nmse,,degenerate_partition,0.4115,0.4115,0.0002048513637855649,uniform
uniform_live_quality_seed7111473167050986645,live_epoch_0024,24,3000,20,q20_reconstruction_nmse,,degenerate_partition,0.4005,0.40049999999999997,0.0010367267318069934,uniform
uniform_live_quality_seed7111473167050986645,live_epoch_0025,25,3125,20,q20_reconstruction_nmse,,degenerate_partition,0.386,0.38599999999999995,0.003345674552023411,uniform
uniform_live_quality_seed7111473167050986645,live_epoch_0026,26,3250,20,q20_reconstruction_nmse,,degenerate_partition,0.3985,0.3985,0.0060667493641376495,uniform
uniform_live_quality_seed7111473167050986645,live_epoch_0027,27,3375,20,q20_reconstruction_nmse,,degenerate_partition,0.3695,0.36950000000000005,0.013429269298911094,uniform
uniform_live_quality_seed7111473167050986645,live_epoch_0028,28,3500,20,q20_reconstruction_nmse,,degenerate_partition,0.358,0.358,0.03115568393468857,uniform
uniform_live_quality_seed7111473167050986645,live_epoch_0029,29,3625,20,q20_reconstruction_nmse,,degenerate_partition,0.3425,0.3425,0.056627493262290954,uniform
uniform_live_quality_seed7111473167050986645,live_epoch_0030,30,3750,20,q20_reconstruction_nmse,,degenerate_partition,0.3635,0.3635,0.09948172736167908,uniform
uniform_live_quality_seed7111473167050986645,live_epoch_0031,31,3875,20,q20_reconstruction_nmse,0.5029399862080625,,0.3955,0.39549999999999996,0.1050968461036682,uniform
uniform_live_quality_seed7111473167050986645,live_epoch_0032,32,4000,20,q20_reconstruction_nmse,0.49023132112811413,,0.393,0.393,0.12442151761054993,uniform
uniform_live_quality_seed7111473167050986645,live_epoch_0033,33,4125,20,q20_reconstruction_nmse,,degenerate_partition,0.395,0.395,0.10571711552143097,uniform
uniform_live_quality_seed7111473167050986645,live_epoch_0034,34,4250,20,q20_reconstruction_nmse,0.5090699833489613,,0.401,0.401,0.11233610916137696,uniform
uniform_live_quality_seed7111473167050986645,live_epoch_0035,35,4375,20,q20_reconstruction_nmse,,degenerate_partition,0.3975,0.3975,0.11043914377689362,uniform
uniform_live_quality_seed7111473167050986645,live_epoch_0036,36,4500,20,q20_reconstruction_nmse,,degenerate_partition,0.3965,0.3965,0.10376330041885376,uniform
uniform_live_quality_seed7111473167050986645,live_epoch_0037,37,4625,20,q20_reconstruction_nmse,0.5292566711820671,,0.421,0.421,0.1082879683971405,uniform
uniform_live_quality_seed7111473167050986645,live_epoch_0038,38,4750,20,q20_reconstruction_nmse,0.5331695956759759,,0.42,0.42,0.10512582957744598,uniform
uniform_live_quality_seed7111473167050986645,live_epoch_0039,39,4875,20,q20_reconstruction_nmse,,degenerate_partition,0.4345,0.43450000000000005,0.10733225798606873,uniform
uniform_live_quality_seed7111473167050986645,live_epoch_0040,40,5000,20,q20_reconstruction_nmse,0.4905773271692185,,0.426,0.42600000000000005,0.10427827513217926,uniform
uniform_live_quality_seed7111473167050986645,live_epoch_0041,41,5125,20,q20_reconstruction_nmse,0.5016749473151149,,0.4255,0.4255,0.09806675982475281,uniform
uniform_live_quality_seed7111473167050986645,live_epoch_0042,42,5250,20,q20_reconstruction_nmse,0.5244776449836294,,0.44,0.44,0.09902878022193909,uniform
uniform_live_quality_seed7111473167050986645,live_epoch_0043,43,5375,20,q20_reconstruction_nmse,0.522305884371571,,0.459,0.459,0.09427746748924255,uniform
uniform_live_quality_seed7111473167050986645,live_epoch_0044,44,5500,20,q20_reconstruction_nmse,0.5503171459556178,,0.44,0.44,0.09379401409626006,uniform
uniform_live_quality_seed7111473167050986645,live_epoch_0045,45,5625,20,q20_reconstruction_nmse,0.5742743654499255,,0.444,0.444,0.09166138148307801,uniform
uniform_live_quality_seed7111473167050986645,live_epoch_0046,46,5750,20,q20_reconstruction_nmse,0.5495585408481307,,0.435,0.43500000000000005,0.09129389607906342,uniform
uniform_live_quality_seed7111473167050986645,live_epoch_0047,47,5875,20,q20_reconstruction_nmse,0.59123486098313,,0.4405,0.4405,0.09181567740440369,uniform
uniform_live_quality_seed7111473167050986645,live_epoch_0048,48,6000,20,q20_reconstruction_nmse,0.5837994032074362,,0.424,0.424,0.09308186984062194,uniform
uniform_live_quality_seed7111473167050986645,live_epoch_0049,49,6125,20,q20_reconstruction_nmse,0.6023660823356515,,0.433,0.433,0.09291269564628601,uniform
uniform_live_quality_seed7111473167050986645,live_epoch_0050,50,6250,20,q20_reconstruction_nmse,0.6330718279154225,,0.4425,0.4425,0.09371004223823548,uniform
uniform_live_quality_seed7111473167050986645,live_epoch_0051,51,6375,20,q20_reconstruction_nmse,0.6270301634039659,,0.428,0.42800000000000005,0.09500530290603637,uniform
uniform_live_quality_seed7111473167050986645,live_epoch_0052,52,6500,20,q20_reconstruction_nmse,0.6153895372596789,,0.427,0.42699999999999994,0.09625404715538025,uniform
uniform_live_quality_seed7111473167050986645,live_epoch_0053,53,6625,20,q20_reconstruction_nmse,0.6296813505751812,,0.4405,0.4405,0.09607635998725891,uniform
uniform_live_quality_seed7111473167050986645,live_epoch_0054,54,6750,20,q20_reconstruction_nmse,0.6335999533033027,,0.4445,0.4445,0.09568634295463561,uniform
uniform_live_quality_seed7111473167050986645,live_epoch_0055,55,6875,20,q20_reconstruction_nmse,0.6176532871456982,,0.439,0.43899999999999995,0.10051087927818299,uniform
uniform_live_quality_seed7111473167050986645,live_epoch_0056,56,7000,20,q20_reconstruction_nmse,0.6047376080480696,,0.433,0.43299999999999994,0.10100525164604188,uniform
uniform_live_quality_seed7111473167050986645,live_epoch_0057,57,7125,20,q20_reconstruction_nmse,0.63028069419368,,0.4285,0.4285,0.1013157913684845,uniform
uniform_live_quality_seed7111473167050986645,live_epoch_0058,58,7250,20,q20_reconstruction_nmse,0.6224111773315971,,0.443,0.44299999999999995,0.10295857286453247,uniform
uniform_live_quality_seed7111473167050986645,live_epoch_0059,59,7375,20,q20_reconstruction_nmse,0.6186750611821558,,0.4495,0.4495,0.10294777154922485,uniform
uniform_live_quality_seed7111473167050986645,live_epoch_0060,60,7500,20,q20_reconstruction_nmse,0.6316939206279202,,0.469,0.469,0.10535053825378418,uniform
uniform_live_quality_seed7111473167050986645,live_epoch_0061,61,7625,20,q20_reconstruction_nmse,0.6299619436772568,,0.4775,0.47750000000000004,0.10395824193954467,uniform
uniform_live_quality_seed7111473167050986645,live_epoch_0062,62,7750,20,q20_reconstruction_nmse,0.6248468390874159,,0.5045,0.5045000000000001,0.10320230007171631,uniform
uniform_live_quality_seed7111473167050986645,live_epoch_0063,63,7875,20,q20_reconstruction_nmse,0.6483199646269738,,0.4955,0.49550000000000005,0.10549554944038392,uniform
uniform_live_quality_seed7111473167050986645,live_epoch_0064,64,8000,20,q20_reconstruction_nmse,0.6620362786475215,,0.5045,0.5045,0.10387999415397645,uniform
uniform_live_quality_seed7111473167050986645,live_epoch_0065,65,8125,20,q20_reconstruction_nmse,0.6468234391784131,,0.503,0.503,0.10445783424377442,uniform
uniform_live_quality_seed7111473167050986645,live_epoch_0066,66,8250,20,q20_reconstruction_nmse,0.6575575190650023,,0.5095,0.5095000000000001,0.10450446462631226,uniform
uniform_live_quality_seed7111473167050986645,live_epoch_0067,67,8375,20,q20_reconstruction_nmse,0.6295715036402936,,0.5165,0.5165,0.10628911423683167,uniform
uniform_live_quality_seed7111473167050986645,live_epoch_0068,68,8500,20,q20_reconstruction_nmse,0.648831412079118,,0.509,0.509,0.10491162157058716,uniform
uniform_live_quality_seed7111473167050986645,live_epoch_0069,69,8625,20,q20_reconstruction_nmse,0.6607098149143,,0.5165,0.5165,0.10478554248809814,uniform
uniform_live_quality_seed7111473167050986645,live_epoch_0070,70,8750,20,q20_reconstruction_nmse,0.666194586132788,,0.526,0.526,0.10515108442306519,uniform
uniform_live_quality_seed7111473167050986645,live_epoch_0071,71,8875,20,q20_reconstruction_nmse,0.6601671049976161,,0.532,0.532,0.10542909002304077,uniform
uniform_live_quality_seed7111473167050986645,live_epoch_0072,72,9000,20,q20_reconstruction_nmse,0.6558819001092097,,0.547,0.5469999999999999,0.10938835644721985,uniform
uniform_live_quality_seed7111473167050986645,live_epoch_0073,73,9125,20,q20_reconstruction_nmse,0.6564858315868997,,0.53,0.53,0.10520164799690247,uniform
uniform_live_quality_seed7111473167050986645,live_epoch_0074,74,9250,20,q20_reconstruction_nmse,0.6580138700398611,,0.541,0.5409999999999999,0.1059716911315918,uniform
uniform_live_quality_seed7111473167050986645,live_epoch_0075,75,9375,20,q20_reconstruction_nmse,0.6503277627136608,,0.5585,0.5585,0.10875931549072265,uniform
uniform_live_quality_seed7111473167050986645,live_epoch_0076,76,9500,20,q20_reconstruction_nmse,0.6579243246606952,,0.5575,0.5575,0.10576828289031982,uniform
uniform_live_quality_seed7111473167050986645,live_epoch_0077,77,9625,20,q20_reconstruction_nmse,0.6596075250937298,,0.5525,0.5525,0.10509442782402038,uniform
uniform_live_quality_seed7111473167050986645,live_epoch_0078,78,9750,20,q20_reconstruction_nmse,0.655524839833477,,0.5555,0.5555,0.10417660427093506,uniform
uniform_live_quality_seed7111473167050986645,live_epoch_0079,79,9875,20,q20_reconstruction_nmse,0.6550706246217896,,0.558,0.558,0.10485398697853088,uniform
uniform_live_quality_seed7111473167050986645,live_epoch_0080,80,10000,20,q20_reconstruction_nmse,0.6364023699901707,,0.5555,0.5555,0.10604727077484132,uniform
uniform_live_quality_seed7111473167050986645,live_epoch_0081,81,10125,20,q20_reconstruction_nmse,0.6643909094137942,,0.562,0.562,0.10598238253593445,uniform
uniform_live_quality_seed7111473167050986645,live_epoch_0082,82,10250,20,q20_reconstruction_nmse,0.65854727791069,,0.551,0.5509999999999999,0.10721569752693176,uniform
uniform_live_quality_seed7111473167050986645,live_epoch_0083,83,10375,20,q20_reconstruction_nmse,0.6404864898094257,,0.5525,0.5525,0.10503653478622436,uniform
uniform_live_quality_seed7111473167050986645,live_epoch_0084,84,10500,20,q20_reconstruction_nmse,0.6541305356507948,,0.5535,0.5535,0.10542078185081481,uniform
uniform_live_quality_seed7111473167050986645,live_epoch_0085,85,10625,20,q20_reconstruction_nmse,0.6590600261704287,,0.573,0.573,0.10830363798141479,uniform
uniform_live_quality_seed7111473167050986645,live_epoch_0086,86,10750,20,q20_reconstruction_nmse,0.6462706243416961,,0.5655,0.5655000000000001,0.10777672719955445,uniform
uniform_live_quality_seed7111473167050986645,live_epoch_0087,87,10875,20,q20_reconstruction_nmse,0.6533558816599441,,0.561,0.561,0.10287943577766419,uniform
uniform_live_quality_seed7111473167050986645,live_epoch_0088,88,11000,20,q20_reconstruction_nmse,0.6616295617289578,,0.5735,0.5735,0.10605844211578369,uniform
uniform_live_quality_seed7111473167050986645,live_epoch_0089,89,11125,20,q20_reconstruction_nmse,0.6517355466821089,,0.566,0.566,0.1059640610218048,uniform
uniform_live_quality_seed7111473167050986645,live_epoch_0090,90,11250,20,q20_reconstruction_nmse,0.6564820450356607,,0.5845,0.5845,0.10424339008331299,uniform
uniform_live_quality_seed7111473167050986645,live_epoch_0091,91,11375,20,q20_reconstruction_nmse,0.6482057614124043,,0.579,0.579,0.10716842889785766,uniform
uniform_live_quality_seed7111473167050986645,live_epoch_0092,92,11500,20,q20_reconstruction_nmse,0.6649932055282142,,0.5925,0.5925,0.10801207733154297,uniform
uniform_live_quality_seed7111473167050986645,live_epoch_0093,93,11625,20,q20_reconstruction_nmse,0.6713109072053155,,0.564,0.5640000000000001,0.1052492790222168,uniform
uniform_live_quality_seed7111473167050986645,live_epoch_0094,94,11750,20,q20_reconstruction_nmse,0.6593281158070977,,0.59,0.59,0.10582787275314331,uniform
uniform_live_quality_seed7111473167050986645,live_epoch_0095,95,11875,20,q20_reconstruction_nmse,0.6623241845522443,,0.5915,0.5915,0.10494300127029418,uniform
uniform_live_quality_seed7111473167050986645,live_epoch_0096,96,12000,20,q20_reconstruction_nmse,0.6549782294095551,,0.604,0.604,0.10446972298622131,uniform
uniform_live_quality_seed7111473167050986645,live_epoch_0097,97,12125,20,q20_reconstruction_nmse,0.6607319674820454,,0.608,0.608,0.10413691973686218,uniform
uniform_live_quality_seed7111473167050986645,live_epoch_0098,98,12250,20,q20_reconstruction_nmse,0.6541737458826116,,0.615,0.615,0.10516011047363281,uniform
uniform_live_quality_seed7111473167050986645,live_epoch_0099,99,12375,20,q20_reconstruction_nmse,0.6673564157641104,,0.613,0.613,0.10320265579223632,uniform
uniform_live_quality_seed7111473167050986645,live_epoch_0100,100,12500,20,q20_reconstruction_nmse,0.6707008452333432,,0.6235,0.6234999999999999,0.10917238426208496,uniform
uniform_live_quality_seed7111473167050986645,live_epoch_0001,1,125,2,q2_projector_interaction,,degenerate_partition,0.4195,0.4195,0.0011213373318314551,uniform
uniform_live_quality_seed7111473167050986645,live_epoch_0002,2,250,2,q2_projector_interaction,,degenerate_partition,0.392,0.39199999999999996,0.0002901921896263957,uniform
uniform_live_quality_seed7111473167050986645,live_epoch_0003,3,375,2,q2_projector_interaction,0.5734700700007472,,0.3995,0.39949999999999997,0.00012927067186683415,uniform
uniform_live_quality_seed7111473167050986645,live_epoch_0004,4,500,2,q2_projector_interaction,0.5871171788750683,,0.4135,0.4135,0.00017340463353320956,uniform
uniform_live_quality_seed7111473167050986645,live_epoch_0005,5,625,2,q2_projector_interaction,0.5525766881726619,,0.414,0.414,7.838597777299583e-05,uniform
uniform_live_quality_seed7111473167050986645,live_epoch_0006,6,750,2,q2_projector_interaction,0.5697520614949205,,0.4175,0.4175,0.00013151315180584788,uniform
uniform_live_quality_seed7111473167050986645,live_epoch_0007,7,875,2,q2_projector_interaction,0.5226740907185701,,0.4205,0.4205,6.605390808545053e-05,uniform
uniform_live_quality_seed7111473167050986645,live_epoch_0008,8,1000,2,q2_projector_interaction,0.5032908012850699,,0.431,0.43099999999999994,6.425896589644253e-05,uniform
uniform_live_quality_seed7111473167050986645,live_epoch_0009,9,1125,2,q2_projector_interaction,0.4719661115041781,,0.4315,0.43149999999999994,6.084494199603796e-05,uniform
uniform_live_quality_seed7111473167050986645,live_epoch_0010,10,1250,2,q2_projector_interaction,0.5062590457997628,,0.428,0.428,5.844392580911517e-05,uniform
uniform_live_quality_seed7111473167050986645,live_epoch_0011,11,1375,2,q2_projector_interaction,0.4826137309067021,,0.426,0.426,5.508617148734629e-05,uniform
uniform_live_quality_seed7111473167050986645,live_epoch_0012,12,1500,2,q2_projector_interaction,0.5041309153947691,,0.4355,0.43549999999999994,5.390474852174521e-05,uniform
uniform_live_quality_seed7111473167050986645,live_epoch_0013,13,1625,2,q2_projector_interaction,0.5070348007285992,,0.4365,0.43649999999999994,5.2589790197089315e-05,uniform
uniform_live_quality_seed7111473167050986645,live_epoch_0014,14,1750,2,q2_projector_interaction,0.5232817078900971,,0.435,0.435,5.4997465573251245e-05,uniform
uniform_live_quality_seed7111473167050986645,live_epoch_0015,15,1875,2,q2_projector_interaction,0.5636122161089356,,0.436,0.436,5.163274868391454e-05,uniform
uniform_live_quality_seed7111473167050986645,live_epoch_0016,16,2000,2,q2_projector_interaction,0.5774926933583563,,0.4345,0.43449999999999994,5.3632036782801154e-05,uniform
uniform_live_quality_seed7111473167050986645,live_epoch_0017,17,2125,2,q2_projector_interaction,0.642234878132936,,0.431,0.431,5.503734084777534e-05,uniform
uniform_live_quality_seed7111473167050986645,live_epoch_0018,18,2250,2,q2_projector_interaction,0.6598946759856574,,0.435,0.43499999999999994,5.960970651358366e-05,uniform
uniform_live_quality_seed7111473167050986645,live_epoch_0019,19,2375,2,q2_projector_interaction,0.6806431314137799,,0.4325,0.4325,6.558159808628262e-05,uniform
uniform_live_quality_seed7111473167050986645,live_epoch_0020,20,2500,2,q2_projector_interaction,,degenerate_partition,0.433,0.433,7.839183881878853e-05,uniform
uniform_live_quality_seed7111473167050986645,live_epoch_0021,21,2625,2,q2_projector_interaction,0.6949617075093295,,0.4255,0.4255,0.00010045370319858193,uniform
uniform_live_quality_seed7111473167050986645,live_epoch_0022,22,2750,2,q2_projector_interaction,0.6958628117568673,,0.4255,0.4255,0.0001359921428374946,uniform
uniform_live_quality_seed7111473167050986645,live_epoch_0023,23,2875,2,q2_projector_interaction,,degenerate_partition,0.4115,0.4115,0.0002048513637855649,uniform
uniform_live_quality_seed7111473167050986645,live_epoch_0024,24,3000,2,q2_projector_interaction,,degenerate_partition,0.4005,0.40049999999999997,0.0010367267318069934,uniform
uniform_live_quality_seed7111473167050986645,live_epoch_0025,25,3125,2,q2_projector_interaction,,degenerate_partition,0.386,0.38599999999999995,0.003345674552023411,uniform
uniform_live_quality_seed7111473167050986645,live_epoch_0026,26,3250,2,q2_projector_interaction,,degenerate_partition,0.3985,0.3985,0.0060667493641376495,uniform
uniform_live_quality_seed7111473167050986645,live_epoch_0027,27,3375,2,q2_projector_interaction,,degenerate_partition,0.3695,0.36950000000000005,0.013429269298911094,uniform
uniform_live_quality_seed7111473167050986645,live_epoch_0028,28,3500,2,q2_projector_interaction,,degenerate_partition,0.358,0.358,0.03115568393468857,uniform
uniform_live_quality_seed7111473167050986645,live_epoch_0029,29,3625,2,q2_projector_interaction,,degenerate_partition,0.3425,0.3425,0.056627493262290954,uniform
uniform_live_quality_seed7111473167050986645,live_epoch_0030,30,3750,2,q2_projector_interaction,,degenerate_partition,0.3635,0.3635,0.09948172736167908,uniform
uniform_live_quality_seed7111473167050986645,live_epoch_0031,31,3875,2,q2_projector_interaction,0.6069182587139859,,0.3955,0.39549999999999996,0.1050968461036682,uniform
uniform_live_quality_seed7111473167050986645,live_epoch_0032,32,4000,2,q2_projector_interaction,0.5978446669410636,,0.393,0.393,0.12442151761054993,uniform
uniform_live_quality_seed7111473167050986645,live_epoch_0033,33,4125,2,q2_projector_interaction,,degenerate_partition,0.395,0.395,0.10571711552143097,uniform
uniform_live_quality_seed7111473167050986645,live_epoch_0034,34,4250,2,q2_projector_interaction,0.6276859033894273,,0.401,0.401,0.11233610916137696,uniform
uniform_live_quality_seed7111473167050986645,live_epoch_0035,35,4375,2,q2_projector_interaction,,degenerate_partition,0.3975,0.3975,0.11043914377689362,uniform
uniform_live_quality_seed7111473167050986645,live_epoch_0036,36,4500,2,q2_projector_interaction,,degenerate_partition,0.3965,0.3965,0.10376330041885376,uniform
uniform_live_quality_seed7111473167050986645,live_epoch_0037,37,4625,2,q2_projector_interaction,0.635785076996912,,0.421,0.421,0.1082879683971405,uniform
uniform_live_quality_seed7111473167050986645,live_epoch_0038,38,4750,2,q2_projector_interaction,0.5581396992641874,,0.42,0.42,0.10512582957744598,uniform
uniform_live_quality_seed7111473167050986645,live_epoch_0039,39,4875,2,q2_projector_interaction,,degenerate_partition,0.4345,0.43450000000000005,0.10733225798606873,uniform
uniform_live_quality_seed7111473167050986645,live_epoch_0040,40,5000,2,q2_projector_interaction,0.49595686818903817,,0.426,0.42600000000000005,0.10427827513217926,uniform
uniform_live_quality_seed7111473167050986645,live_epoch_0041,41,5125,2,q2_projector_interaction,0.47133261778632085,,0.4255,0.4255,0.09806675982475281,uniform
uniform_live_quality_seed7111473167050986645,live_epoch_0042,42,5250,2,q2_projector_interaction,0.5379245501702288,,0.44,0.44,0.09902878022193909,uniform
uniform_live_quality_seed7111473167050986645,live_epoch_0043,43,5375,2,q2_projector_interaction,0.5477014416314301,,0.459,0.459,0.09427746748924255,uniform
uniform_live_quality_seed7111473167050986645,live_epoch_0044,44,5500,2,q2_projector_interaction,0.5824126964394105,,0.44,0.44,0.09379401409626006,uniform
uniform_live_quality_seed7111473167050986645,live_epoch_0045,45,5625,2,q2_projector_interaction,0.5874044741333377,,0.444,0.444,0.09166138148307801,uniform
uniform_live_quality_seed7111473167050986645,live_epoch_0046,46,5750,2,q2_projector_interaction,0.4713206144829841,,0.435,0.43500000000000005,0.09129389607906342,uniform
uniform_live_quality_seed7111473167050986645,live_epoch_0047,47,5875,2,q2_projector_interaction,0.5138302729322022,,0.4405,0.4405,0.09181567740440369,uniform
uniform_live_quality_seed7111473167050986645,live_epoch_0048,48,6000,2,q2_projector_interaction,0.5595634034247878,,0.424,0.424,0.09308186984062194,uniform
uniform_live_quality_seed7111473167050986645,live_epoch_0049,49,6125,2,q2_projector_interaction,0.47628495792346426,,0.433,0.433,0.09291269564628601,uniform
uniform_live_quality_seed7111473167050986645,live_epoch_0050,50,6250,2,q2_projector_interaction,0.5133665781162512,,0.4425,0.4425,0.09371004223823548,uniform
uniform_live_quality_seed7111473167050986645,live_epoch_0051,51,6375,2,q2_projector_interaction,0.48845019489669916,,0.428,0.42800000000000005,0.09500530290603637,uniform
uniform_live_quality_seed7111473167050986645,live_epoch_0052,52,6500,2,q2_projector_interaction,0.49925802015392123,,0.427,0.42699999999999994,0.09625404715538025,uniform
uniform_live_quality_seed7111473167050986645,live_epoch_0053,53,6625,2,q2_projector_interaction,0.4749925796174443,,0.4405,0.4405,0.09607635998725891,uniform
uniform_live_quality_seed7111473167050986645,live_epoch_0054,54,6750,2,q2_projector_interaction,0.39388693122451207,,0.4445,0.4445,0.09568634295463561,uniform
uniform_live_quality_seed7111473167050986645,live_epoch_0055,55,6875,2,q2_projector_interaction,0.3431359913900436,,0.439,0.43899999999999995,0.10051087927818299,uniform
uniform_live_quality_seed7111473167050986645,live_epoch_0056,56,7000,2,q2_projector_interaction,0.49437081996296306,,0.433,0.43299999999999994,0.10100525164604188,uniform
uniform_live_quality_seed7111473167050986645,live_epoch_0057,57,7125,2,q2_projector_interaction,0.42379488187658004,,0.4285,0.4285,0.1013157913684845,uniform
uniform_live_quality_seed7111473167050986645,live_epoch_0058,58,7250,2,q2_projector_interaction,0.38265177053548444,,0.443,0.44299999999999995,0.10295857286453247,uniform
uniform_live_quality_seed7111473167050986645,live_epoch_0059,59,7375,2,q2_projector_interaction,0.4117322460568401,,0.4495,0.4495,0.10294777154922485,uniform
uniform_live_quality_seed7111473167050986645,live_epoch_0060,60,7500,2,q2_projector_interaction,0.38887745228125353,,0.469,0.469,0.10535053825378418,uniform
uniform_live_quality_seed7111473167050986645,live_epoch_0061,61,7625,2,q2_projector_interaction,0.3726159245516369,,0.4775,0.47750000000000004,0.10395824193954467,uniform
uniform_live_quality_seed7111473167050986645,live_epoch_0062,62,7750,2,q2_projector_interaction,0.3540653691654322,,0.5045,0.5045000000000001,0.10320230007171631,uniform
uniform_live_quality_seed7111473167050986645,live_epoch_0063,63,7875,2,q2_projector_interaction,0.3004988396576907,,0.4955,0.49550000000000005,0.10549554944038392,uniform
uniform_live_quality_seed7111473167050986645,live_epoch_0064,64,8000,2,q2_projector_interaction,0.34784320678919317,,0.5045,0.5045,0.10387999415397645,uniform
uniform_live_quality_seed7111473167050986645,live_epoch_0065,65,8125,2,q2_projector_interaction,0.33016079990473085,,0.503,0.503,0.10445783424377442,uniform
uniform_live_quality_seed7111473167050986645,live_epoch_0066,66,8250,2,q2_projector_interaction,0.33392999496130304,,0.5095,0.5095000000000001,0.10450446462631226,uniform
uniform_live_quality_seed7111473167050986645,live_epoch_0067,67,8375,2,q2_projector_interaction,0.33651803562848726,,0.5165,0.5165,0.10628911423683167,uniform
uniform_live_quality_seed7111473167050986645,live_epoch_0068,68,8500,2,q2_projector_interaction,0.3191642209628166,,0.509,0.509,0.10491162157058716,uniform
uniform_live_quality_seed7111473167050986645,live_epoch_0069,69,8625,2,q2_projector_interaction,0.36268234942575067,,0.5165,0.5165,0.10478554248809814,uniform
uniform_live_quality_seed7111473167050986645,live_epoch_0070,70,8750,2,q2_projector_interaction,0.3117698515946864,,0.526,0.526,0.10515108442306519,uniform
uniform_live_quality_seed7111473167050986645,live_epoch_0071,71,8875,2,q2_projector_interaction,0.3380260778733951,,0.532,0.532,0.10542909002304077,uniform
uniform_live_quality_seed7111473167050986645,live_epoch_0072,72,9000,2,q2_projector_interaction,0.2996958194004565,,0.547,0.5469999999999999,0.10938835644721985,uniform
uniform_live_quality_seed7111473167050986645,live_epoch_0073,73,9125,2,q2_projector_interaction,0.29781940239750776,,0.53,0.53,0.10520164799690247,uniform
uniform_live_quality_seed7111473167050986645,live_epoch_0074,74,9250,2,q2_projector_interaction,0.299236332475487,,0.541,0.5409999999999999,0.1059716911315918,uniform
uniform_live_quality_seed7111473167050986645,live_epoch_0075,75,9375,2,q2_projector_interaction,0.31809444290243266,,0.5585,0.5585,0.10875931549072265,uniform
uniform_live_quality_seed7111473167050986645,live_epoch_0076,76,9500,2,q2_projector_interaction,0.30010481605740885,,0.5575,0.5575,0.10576828289031982,uniform
uniform_live_quality_seed7111473167050986645,live_epoch_0077,77,9625,2,q2_projector_interaction,0.3281306882328315,,0.5525,0.5525,0.10509442782402038,uniform
uniform_live_quality_seed7111473167050986645,live_epoch_0078,78,9750,2,q2_projector_interaction,0.31084646046378045,,0.5555,0.5555,0.10417660427093506,uniform
uniform_live_quality_seed7111473167050986645,live_epoch_0079,79,9875,2,q2_projector_interaction,0.3447095726883575,,0.558,0.558,0.10485398697853088,uniform
uniform_live_quality_seed7111473167050986645,live_epoch_0080,80,10000,2,q2_projector_interaction,0.3400101524974423,,0.5555,0.5555,0.10604727077484132,uniform
uniform_live_quality_seed7111473167050986645,live_epoch_0081,81,10125,2,q2_projector_interaction,0.3073874912828369,,0.562,0.562,0.10598238253593445,uniform
uniform_live_quality_seed7111473167050986645,live_epoch_0082,82,10250,2,q2_projector_interaction,0.3319038787478638,,0.551,0.5509999999999999,0.10721569752693176,uniform
uniform_live_quality_seed7111473167050986645,live_epoch_0083,83,10375,2,q2_projector_interaction,0.31191359107595645,,0.5525,0.5525,0.10503653478622436,uniform
uniform_live_quality_seed7111473167050986645,live_epoch_0084,84,10500,2,q2_projector_interaction,0.3317499626098023,,0.5535,0.5535,0.10542078185081481,uniform
uniform_live_quality_seed7111473167050986645,live_epoch_0085,85,10625,2,q2_projector_interaction,0.26581791181138914,,0.573,0.573,0.10830363798141479,uniform
uniform_live_quality_seed7111473167050986645,live_epoch_0086,86,10750,2,q2_projector_interaction,0.3097381198049531,,0.5655,0.5655000000000001,0.10777672719955445,uniform
uniform_live_quality_seed7111473167050986645,live_epoch_0087,87,10875,2,q2_projector_interaction,0.3316278464091201,,0.561,0.561,0.10287943577766419,uniform
uniform_live_quality_seed7111473167050986645,live_epoch_0088,88,11000,2,q2_projector_interaction,0.3045863726821432,,0.5735,0.5735,0.10605844211578369,uniform
uniform_live_quality_seed7111473167050986645,live_epoch_0089,89,11125,2,q2_projector_interaction,0.2838702265720312,,0.566,0.566,0.1059640610218048,uniform
uniform_live_quality_seed7111473167050986645,live_epoch_0090,90,11250,2,q2_projector_interaction,0.3069504122954468,,0.5845,0.5845,0.10424339008331299,uniform
uniform_live_quality_seed7111473167050986645,live_epoch_0091,91,11375,2,q2_projector_interaction,0.2912078785794868,,0.579,0.579,0.10716842889785766,uniform
uniform_live_quality_seed7111473167050986645,live_epoch_0092,92,11500,2,q2_projector_interaction,0.29132596388317095,,0.5925,0.5925,0.10801207733154297,uniform
uniform_live_quality_seed7111473167050986645,live_epoch_0093,93,11625,2,q2_projector_interaction,0.3302347537491596,,0.564,0.5640000000000001,0.1052492790222168,uniform
uniform_live_quality_seed7111473167050986645,live_epoch_0094,94,11750,2,q2_projector_interaction,0.29628817203579294,,0.59,0.59,0.10582787275314331,uniform
uniform_live_quality_seed7111473167050986645,live_epoch_0095,95,11875,2,q2_projector_interaction,0.3096359796749142,,0.5915,0.5915,0.10494300127029418,uniform
uniform_live_quality_seed7111473167050986645,live_epoch_0096,96,12000,2,q2_projector_interaction,0.3085052018427236,,0.604,0.604,0.10446972298622131,uniform
uniform_live_quality_seed7111473167050986645,live_epoch_0097,97,12125,2,q2_projector_interaction,0.32062505440473366,,0.608,0.608,0.10413691973686218,uniform
uniform_live_quality_seed7111473167050986645,live_epoch_0098,98,12250,2,q2_projector_interaction,0.32223506294516546,,0.615,0.615,0.10516011047363281,uniform
uniform_live_quality_seed7111473167050986645,live_epoch_0099,99,12375,2,q2_projector_interaction,0.33315552328053144,,0.613,0.613,0.10320265579223632,uniform
uniform_live_quality_seed7111473167050986645,live_epoch_0100,100,12500,2,q2_projector_interaction,0.27341436909552685,,0.6235,0.6234999999999999,0.10917238426208496,uniform
uniform_live_quality_seed7111473167050986645,live_epoch_0001,1,125,3,q3_projector_overlap,,degenerate_partition,0.4195,0.4195,0.0011213373318314551,uniform
uniform_live_quality_seed7111473167050986645,live_epoch_0002,2,250,3,q3_projector_overlap,,degenerate_partition,0.392,0.39199999999999996,0.0002901921896263957,uniform
uniform_live_quality_seed7111473167050986645,live_epoch_0003,3,375,3,q3_projector_overlap,2.565157360466183e-15,,0.3995,0.39949999999999997,0.00012927067186683415,uniform
uniform_live_quality_seed7111473167050986645,live_epoch_0004,4,500,3,q3_projector_overlap,1.8601352807347426e-15,,0.4135,0.4135,0.00017340463353320956,uniform
uniform_live_quality_seed7111473167050986645,live_epoch_0005,5,625,3,q3_projector_overlap,1.866109781080811e-15,,0.414,0.414,7.838597777299583e-05,uniform
uniform_live_quality_seed7111473167050986645,live_epoch_0006,6,750,3,q3_projector_overlap,2.1277344919562014e-15,,0.4175,0.4175,0.00013151315180584788,uniform
uniform_live_quality_seed7111473167050986645,live_epoch_0007,7,875,3,q3_projector_overlap,1.458356670700987e-15,,0.4205,0.4205,6.605390808545053e-05,uniform
uniform_live_quality_seed7111473167050986645,live_epoch_0008,8,1000,3,q3_projector_overlap,1.8234814682208863e-15,,0.431,0.43099999999999994,6.425896589644253e-05,uniform
uniform_live_quality_seed7111473167050986645,live_epoch_0009,9,1125,3,q3_projector_overlap,1.7414006474069784e-15,,0.4315,0.43149999999999994,6.084494199603796e-05,uniform
uniform_live_quality_seed7111473167050986645,live_epoch_0010,10,1250,3,q3_projector_overlap,2.1546015421438467e-15,,0.428,0.428,5.844392580911517e-05,uniform
uniform_live_quality_seed7111473167050986645,live_epoch_0011,11,1375,3,q3_projector_overlap,1.852593812348909e-15,,0.426,0.426,5.508617148734629e-05,uniform
uniform_live_quality_seed7111473167050986645,live_epoch_0012,12,1500,3,q3_projector_overlap,1.889777611001119e-15,,0.4355,0.43549999999999994,5.390474852174521e-05,uniform
uniform_live_quality_seed7111473167050986645,live_epoch_0013,13,1625,3,q3_projector_overlap,2.0620631946094157e-15,,0.4365,0.43649999999999994,5.2589790197089315e-05,uniform
uniform_live_quality_seed7111473167050986645,live_epoch_0014,14,1750,3,q3_projector_overlap,2.5618282006843676e-15,,0.435,0.435,5.4997465573251245e-05,uniform
uniform_live_quality_seed7111473167050986645,live_epoch_0015,15,1875,3,q3_projector_overlap,2.0456812554153876e-15,,0.436,0.436,5.163274868391454e-05,uniform
uniform_live_quality_seed7111473167050986645,live_epoch_0016,16,2000,3,q3_projector_overlap,2.224050890495626e-15,,0.4345,0.43449999999999994,5.3632036782801154e-05,uniform
uniform_live_quality_seed7111473167050986645,live_epoch_0017,17,2125,3,q3_projector_overlap,2.2059149158614135e-15,,0.431,0.431,5.503734084777534e-05,uniform
uniform_live_quality_seed7111473167050986645,live_epoch_0018,18,2250,3,q3_projector_overlap,1.8012089060383375e-15,,0.435,0.43499999999999994,5.960970651358366e-05,uniform
uniform_live_quality_seed7111473167050986645,live_epoch_0019,19,2375,3,q3_projector_overlap,2.110069198596056e-15,,0.4325,0.4325,6.558159808628262e-05,uniform
uniform_live_quality_seed7111473167050986645,live_epoch_0020,20,2500,3,q3_projector_overlap,,degenerate_partition,0.433,0.433,7.839183881878853e-05,uniform
uniform_live_quality_seed7111473167050986645,live_epoch_0021,21,2625,3,q3_projector_overlap,2.3377263833506126e-15,,0.4255,0.4255,0.00010045370319858193,uniform
uniform_live_quality_seed7111473167050986645,live_epoch_0022,22,2750,3,q3_projector_overlap,2.4337731621460077e-15,,0.4255,0.4255,0.0001359921428374946,uniform
uniform_live_quality_seed7111473167050986645,live_epoch_0023,23,2875,3,q3_projector_overlap,,degenerate_partition,0.4115,0.4115,0.0002048513637855649,uniform
uniform_live_quality_seed7111473167050986645,live_epoch_0024,24,3000,3,q3_projector_overlap,,degenerate_partition,0.4005,0.40049999999999997,0.0010367267318069934,uniform
uniform_live_quality_seed7111473167050986645,live_epoch_0025,25,3125,3,q3_projector_overlap,,degenerate_partition,0.386,0.38599999999999995,0.003345674552023411,uniform
uniform_live_quality_seed7111473167050986645,live_epoch_0026,26,3250,3,q3_projector_overlap,,degenerate_partition,0.3985,0.3985,0.0060667493641376495,uniform
uniform_live_quality_seed7111473167050986645,live_epoch_0027,27,3375,3,q3_projector_overlap,,degenerate_partition,0.3695,0.36950000000000005,0.013429269298911094,uniform
uniform_live_quality_seed7111473167050986645,live_epoch_0028,28,3500,3,q3_projector_overlap,,degenerate_partition,0.358,0.358,0.03115568393468857,uniform
uniform_live_quality_seed7111473167050986645,live_epoch_0029,29,3625,3,q3_projector_overlap,,degenerate_partition,0.3425,0.3425,0.056627493262290954,uniform
uniform_live_quality_seed7111473167050986645,live_epoch_0030,30,3750,3,q3_projector_overlap,,degenerate_partition,0.3635,0.3635,0.09948172736167908,uniform
uniform_live_quality_seed7111473167050986645,live_epoch_0031,31,3875,3,q3_projector_overlap,1.7514619556189974e-15,,0.3955,0.39549999999999996,0.1050968461036682,uniform
uniform_live_quality_seed7111473167050986645,live_epoch_0032,32,4000,3,q3_projector_overlap,1.5393298248876638e-15,,0.393,0.393,0.12442151761054993,uniform
uniform_live_quality_seed7111473167050986645,live_epoch_0033,33,4125,3,q3_projector_overlap,,degenerate_partition,0.395,0.395,0.10571711552143097,uniform
uniform_live_quality_seed7111473167050986645,live_epoch_0034,34,4250,3,q3_projector_overlap,2.8254317601450833e-15,,0.401,0.401,0.11233610916137696,uniform
uniform_live_quality_seed7111473167050986645,live_epoch_0035,35,4375,3,q3_projector_overlap,,degenerate_partition,0.3975,0.3975,0.11043914377689362,uniform
uniform_live_quality_seed7111473167050986645,live_epoch_0036,36,4500,3,q3_projector_overlap,,degenerate_partition,0.3965,0.3965,0.10376330041885376,uniform
uniform_live_quality_seed7111473167050986645,live_epoch_0037,37,4625,3,q3_projector_overlap,1.7905875884694397e-15,,0.421,0.421,0.1082879683971405,uniform
uniform_live_quality_seed7111473167050986645,live_epoch_0038,38,4750,3,q3_projector_overlap,1.7972807869481813e-15,,0.42,0.42,0.10512582957744598,uniform
uniform_live_quality_seed7111473167050986645,live_epoch_0039,39,4875,3,q3_projector_overlap,,degenerate_partition,0.4345,0.43450000000000005,0.10733225798606873,uniform
uniform_live_quality_seed7111473167050986645,live_epoch_0040,40,5000,3,q3_projector_overlap,1.905798526583484e-15,,0.426,0.42600000000000005,0.10427827513217926,uniform
uniform_live_quality_seed7111473167050986645,live_epoch_0041,41,5125,3,q3_projector_overlap,1.5263238148455675e-15,,0.4255,0.4255,0.09806675982475281,uniform
uniform_live_quality_seed7111473167050986645,live_epoch_0042,42,5250,3,q3_projector_overlap,1.9155282895654774e-15,,0.44,0.44,0.09902878022193909,uniform
uniform_live_quality_seed7111473167050986645,live_epoch_0043,43,5375,3,q3_projector_overlap,1.6751403273634168e-15,,0.459,0.459,0.09427746748924255,uniform
uniform_live_quality_seed7111473167050986645,live_epoch_0044,44,5500,3,q3_projector_overlap,1.7431411812852427e-15,,0.44,0.44,0.09379401409626006,uniform
uniform_live_quality_seed7111473167050986645,live_epoch_0045,45,5625,3,q3_projector_overlap,1.7429892022266543e-15,,0.444,0.444,0.09166138148307801,uniform
uniform_live_quality_seed7111473167050986645,live_epoch_0046,46,5750,3,q3_projector_overlap,2.0938979159878703e-15,,0.435,0.43500000000000005,0.09129389607906342,uniform
uniform_live_quality_seed7111473167050986645,live_epoch_0047,47,5875,3,q3_projector_overlap,1.9710987764804946e-15,,0.4405,0.4405,0.09181567740440369,uniform
uniform_live_quality_seed7111473167050986645,live_epoch_0048,48,6000,3,q3_projector_overlap,1.650565978315393e-15,,0.424,0.424,0.09308186984062194,uniform
uniform_live_quality_seed7111473167050986645,live_epoch_0049,49,6125,3,q3_projector_overlap,1.8458399192925508e-15,,0.433,0.433,0.09291269564628601,uniform
uniform_live_quality_seed7111473167050986645,live_epoch_0050,50,6250,3,q3_projector_overlap,1.8831922477451793e-15,,0.4425,0.4425,0.09371004223823548,uniform
uniform_live_quality_seed7111473167050986645,live_epoch_0051,51,6375,3,q3_projector_overlap,1.4817579893744414e-15,,0.428,0.42800000000000005,0.09500530290603637,uniform
uniform_live_quality_seed7111473167050986645,live_epoch_0052,52,6500,3,q3_projector_overlap,2.113012403657573e-15,,0.427,0.42699999999999994,0.09625404715538025,uniform
uniform_live_quality_seed7111473167050986645,live_epoch_0053,53,6625,3,q3_projector_overlap,2.0313116915039522e-15,,0.4405,0.4405,0.09607635998725891,uniform
uniform_live_quality_seed7111473167050986645,live_epoch_0054,54,6750,3,q3_projector_overlap,1.8838126782818985e-15,,0.4445,0.4445,0.09568634295463561,uniform
uniform_live_quality_seed7111473167050986645,live_epoch_0055,55,6875,3,q3_projector_overlap,2.5444751779535386e-15,,0.439,0.43899999999999995,0.10051087927818299,uniform
uniform_live_quality_seed7111473167050986645,live_epoch_0056,56,7000,3,q3_projector_overlap,2.0935334969452684e-15,,0.433,0.43299999999999994,0.10100525164604188,uniform
uniform_live_quality_seed7111473167050986645,live_epoch_0057,57,7125,3,q3_projector_overlap,2.2921825610671166e-15,,0.4285,0.4285,0.1013157913684845,uniform
uniform_live_quality_seed7111473167050986645,live_epoch_0058,58,7250,3,q3_projector_overlap,2.1158526043014583e-15,,0.443,0.44299999999999995,0.10295857286453247,uniform
uniform_live_quality_seed7111473167050986645,live_epoch_0059,59,7375,3,q3_projector_overlap,1.946981559182637e-15,,0.4495,0.4495,0.10294777154922485,uniform
uniform_live_quality_seed7111473167050986645,live_epoch_0060,60,7500,3,q3_projector_overlap,2.2930857801131257e-15,,0.469,0.469,0.10535053825378418,uniform
uniform_live_quality_seed7111473167050986645,live_epoch_0061,61,7625,3,q3_projector_overlap,1.816473342247864e-15,,0.4775,0.47750000000000004,0.10395824193954467,uniform
uniform_live_quality_seed7111473167050986645,live_epoch_0062,62,7750,3,q3_projector_overlap,2.7086955146870834e-15,,0.5045,0.5045000000000001,0.10320230007171631,uniform
uniform_live_quality_seed7111473167050986645,live_epoch_0063,63,7875,3,q3_projector_overlap,1.7552575891965553e-15,,0.4955,0.49550000000000005,0.10549554944038392,uniform
uniform_live_quality_seed7111473167050986645,live_epoch_0064,64,8000,3,q3_projector_overlap,2.0432949506252322e-15,,0.5045,0.5045,0.10387999415397645,uniform
uniform_live_quality_seed7111473167050986645,live_epoch_0065,65,8125,3,q3_projector_overlap,2.1086072273194714e-15,,0.503,0.503,0.10445783424377442,uniform
uniform_live_quality_seed7111473167050986645,live_epoch_0066,66,8250,3,q3_projector_overlap,1.9984944407910104e-15,,0.5095,0.5095000000000001,0.10450446462631226,uniform
uniform_live_quality_seed7111473167050986645,live_epoch_0067,67,8375,3,q3_projector_overlap,1.7138014160117564e-15,,0.5165,0.5165,0.10628911423683167,uniform
uniform_live_quality_seed7111473167050986645,live_epoch_0068,68,8500,3,q3_projector_overlap,2.2409744812750534e-15,,0.509,0.509,0.10491162157058716,uniform
uniform_live_quality_seed7111473167050986645,live_epoch_0069,69,8625,3,q3_projector_overlap,1.970552818154046e-15,,0.5165,0.5165,0.10478554248809814,uniform
uniform_live_quality_seed7111473167050986645,live_epoch_0070,70,8750,3,q3_projector_overlap,1.7850606171542834e-15,,0.526,0.526,0.10515108442306519,uniform
uniform_live_quality_seed7111473167050986645,live_epoch_0071,71,8875,3,q3_projector_overlap,2.4092677317822228e-15,,0.532,0.532,0.10542909002304077,uniform
uniform_live_quality_seed7111473167050986645,live_epoch_0072,72,9000,3,q3_projector_overlap,1.9908861082946064e-15,,0.547,0.5469999999999999,0.10938835644721985,uniform
uniform_live_quality_seed7111473167050986645,live_epoch_0073,73,9125,3,q3_projector_overlap,1.9853974599879264e-15,,0.53,0.53,0.10520164799690247,uniform
uniform_live_quality_seed7111473167050986645,live_epoch_0074,74,9250,3,q3_projector_overlap,1.8798034092801357e-15,,0.541,0.5409999999999999,0.1059716911315918,uniform
uniform_live_quality_seed7111473167050986645,live_epoch_0075,75,9375,3,q3_projector_overlap,2.067565890392758e-15,,0.5585,0.5585,0.10875931549072265,uniform
uniform_live_quality_seed7111473167050986645,live_epoch_0076,76,9500,3,q3_projector_overlap,2.0779594257564762e-15,,0.5575,0.5575,0.10576828289031982,uniform
uniform_live_quality_seed7111473167050986645,live_epoch_0077,77,9625,3,q3_projector_overlap,2.012187189675536e-15,,0.5525,0.5525,0.10509442782402038,uniform
uniform_live_quality_seed7111473167050986645,live_epoch_0078,78,9750,3,q3_projector_overlap,2.2276708103038243e-15,,0.5555,0.5555,0.10417660427093506,uniform
uniform_live_quality_seed7111473167050986645,live_epoch_0079,79,9875,3,q3_projector_overlap,2.173574336370587e-15,,0.558,0.558,0.10485398697853088,uniform
uniform_live_quality_seed7111473167050986645,live_epoch_0080,80,10000,3,q3_projector_overlap,2.083534601639911e-15,,0.5555,0.5555,0.10604727077484132,uniform
uniform_live_quality_seed7111473167050986645,live_epoch_0081,81,10125,3,q3_projector_overlap,1.874036089639876e-15,,0.562,0.562,0.10598238253593445,uniform
uniform_live_quality_seed7111473167050986645,live_epoch_0082,82,10250,3,q3_projector_overlap,1.6856631472329719e-15,,0.551,0.5509999999999999,0.10721569752693176,uniform
uniform_live_quality_seed7111473167050986645,live_epoch_0083,83,10375,3,q3_projector_overlap,2.0993890780945074e-15,,0.5525,0.5525,0.10503653478622436,uniform
uniform_live_quality_seed7111473167050986645,live_epoch_0084,84,10500,3,q3_projector_overlap,2.3509226511444505e-15,,0.5535,0.5535,0.10542078185081481,uniform
uniform_live_quality_seed7111473167050986645,live_epoch_0085,85,10625,3,q3_projector_overlap,2.0412510610826465e-15,,0.573,0.573,0.10830363798141479,uniform
uniform_live_quality_seed7111473167050986645,live_epoch_0086,86,10750,3,q3_projector_overlap,2.0955103271983675e-15,,0.5655,0.5655000000000001,0.10777672719955445,uniform
uniform_live_quality_seed7111473167050986645,live_epoch_0087,87,10875,3,q3_projector_overlap,2.040488720813002e-15,,0.561,0.561,0.10287943577766419,uniform
uniform_live_quality_seed7111473167050986645,live_epoch_0088,88,11000,3,q3_projector_overlap,1.8328059806484612e-15,,0.5735,0.5735,0.10605844211578369,uniform
uniform_live_quality_seed7111473167050986645,live_epoch_0089,89,11125,3,q3_projector_overlap,2.2559923739874885e-15,,0.566,0.566,0.1059640610218048,uniform
uniform_live_quality_seed7111473167050986645,live_epoch_0090,90,11250,3,q3_projector_overlap,1.8883073613731286e-15,,0.5845,0.5845,0.10424339008331299,uniform
uniform_live_quality_seed7111473167050986645,live_epoch_0091,91,11375,3,q3_projector_overlap,2.2152496898187816e-15,,0.579,0.579,0.10716842889785766,uniform
uniform_live_quality_seed7111473167050986645,live_epoch_0092,92,11500,3,q3_projector_overlap,2.1096933535198125e-15,,0.5925,0.5925,0.10801207733154297,uniform
uniform_live_quality_seed7111473167050986645,live_epoch_0093,93,11625,3,q3_projector_overlap,2.7602344680193737e-15,,0.564,0.5640000000000001,0.1052492790222168,uniform
uniform_live_quality_seed7111473167050986645,live_epoch_0094,94,11750,3,q3_projector_overlap,2.2264901963789628e-15,,0.59,0.59,0.10582787275314331,uniform
uniform_live_quality_seed7111473167050986645,live_epoch_0095,95,11875,3,q3_projector_overlap,1.9097172644010928e-15,,0.5915,0.5915,0.10494300127029418,uniform
uniform_live_quality_seed7111473167050986645,live_epoch_0096,96,12000,3,q3_projector_overlap,2.1377748039848306e-15,,0.604,0.604,0.10446972298622131,uniform
uniform_live_quality_seed7111473167050986645,live_epoch_0097,97,12125,3,q3_projector_overlap,2.3284604932183035e-15,,0.608,0.608,0.10413691973686218,uniform
uniform_live_quality_seed7111473167050986645,live_epoch_0098,98,12250,3,q3_projector_overlap,1.869696860628708e-15,,0.615,0.615,0.10516011047363281,uniform
uniform_live_quality_seed7111473167050986645,live_epoch_0099,99,12375,3,q3_projector_overlap,1.909859111929509e-15,,0.613,0.613,0.10320265579223632,uniform
uniform_live_quality_seed7111473167050986645,live_epoch_0100,100,12500,3,q3_projector_overlap,1.938874595096753e-15,,0.6235,0.6234999999999999,0.10917238426208496,uniform
uniform_live_quality_seed7111473167050986645,live_epoch_0001,1,125,4,q4_partition_incompleteness,,degenerate_partition,0.4195,0.4195,0.0011213373318314551,uniform
uniform_live_quality_seed7111473167050986645,live_epoch_0002,2,250,4,q4_partition_incompleteness,,degenerate_partition,0.392,0.39199999999999996,0.0002901921896263957,uniform
uniform_live_quality_seed7111473167050986645,live_epoch_0003,3,375,4,q4_partition_incompleteness,9.181320009244661e-16,,0.3995,0.39949999999999997,0.00012927067186683415,uniform
uniform_live_quality_seed7111473167050986645,live_epoch_0004,4,500,4,q4_partition_incompleteness,1.0710251196748377e-15,,0.4135,0.4135,0.00017340463353320956,uniform
uniform_live_quality_seed7111473167050986645,live_epoch_0005,5,625,4,q4_partition_incompleteness,1.0208545972641753e-15,,0.414,0.414,7.838597777299583e-05,uniform
uniform_live_quality_seed7111473167050986645,live_epoch_0006,6,750,4,q4_partition_incompleteness,8.728100891730436e-16,,0.4175,0.4175,0.00013151315180584788,uniform
uniform_live_quality_seed7111473167050986645,live_epoch_0007,7,875,4,q4_partition_incompleteness,9.545444985648641e-16,,0.4205,0.4205,6.605390808545053e-05,uniform
uniform_live_quality_seed7111473167050986645,live_epoch_0008,8,1000,4,q4_partition_incompleteness,7.617285646837393e-16,,0.431,0.43099999999999994,6.425896589644253e-05,uniform
uniform_live_quality_seed7111473167050986645,live_epoch_0009,9,1125,4,q4_partition_incompleteness,8.787222033367929e-16,,0.4315,0.43149999999999994,6.084494199603796e-05,uniform
uniform_live_quality_seed7111473167050986645,live_epoch_0010,10,1250,4,q4_partition_incompleteness,9.23871007683585e-16,,0.428,0.428,5.844392580911517e-05,uniform
uniform_live_quality_seed7111473167050986645,live_epoch_0011,11,1375,4,q4_partition_incompleteness,9.63382005169198e-16,,0.426,0.426,5.508617148734629e-05,uniform
uniform_live_quality_seed7111473167050986645,live_epoch_0012,12,1500,4,q4_partition_incompleteness,7.47017783107508e-16,,0.4355,0.43549999999999994,5.390474852174521e-05,uniform
uniform_live_quality_seed7111473167050986645,live_epoch_0013,13,1625,4,q4_partition_incompleteness,8.466988412742069e-16,,0.4365,0.43649999999999994,5.2589790197089315e-05,uniform
uniform_live_quality_seed7111473167050986645,live_epoch_0014,14,1750,4,q4_partition_incompleteness,9.78909564355058e-16,,0.435,0.435,5.4997465573251245e-05,uniform
uniform_live_quality_seed7111473167050986645,live_epoch_0015,15,1875,4,q4_partition_incompleteness,1.143440918192545e-15,,0.436,0.436,5.163274868391454e-05,uniform
uniform_live_quality_seed7111473167050986645,live_epoch_0016,16,2000,4,q4_partition_incompleteness,1.14499079864943e-15,,0.4345,0.43449999999999994,5.3632036782801154e-05,uniform
uniform_live_quality_seed7111473167050986645,live_epoch_0017,17,2125,4,q4_partition_incompleteness,9.540861333363941e-16,,0.431,0.431,5.503734084777534e-05,uniform
uniform_live_quality_seed7111473167050986645,live_epoch_0018,18,2250,4,q4_partition_incompleteness,9.629411772090705e-16,,0.435,0.43499999999999994,5.960970651358366e-05,uniform
uniform_live_quality_seed7111473167050986645,live_epoch_0019,19,2375,4,q4_partition_incompleteness,8.760505213199991e-16,,0.4325,0.4325,6.558159808628262e-05,uniform
uniform_live_quality_seed7111473167050986645,live_epoch_0020,20,2500,4,q4_partition_incompleteness,,degenerate_partition,0.433,0.433,7.839183881878853e-05,uniform
uniform_live_quality_seed7111473167050986645,live_epoch_0021,21,2625,4,q4_partition_incompleteness,9.340278318719175e-16,,0.4255,0.4255,0.00010045370319858193,uniform
uniform_live_quality_seed7111473167050986645,live_epoch_0022,22,2750,4,q4_partition_incompleteness,1.098620055181072e-15,,0.4255,0.4255,0.0001359921428374946,uniform
uniform_live_quality_seed7111473167050986645,live_epoch_0023,23,2875,4,q4_partition_incompleteness,,degenerate_partition,0.4115,0.4115,0.0002048513637855649,uniform
uniform_live_quality_seed7111473167050986645,live_epoch_0024,24,3000,4,q4_partition_incompleteness,,degenerate_partition,0.4005,0.40049999999999997,0.0010367267318069934,uniform
uniform_live_quality_seed7111473167050986645,live_epoch_0025,25,3125,4,q4_partition_incompleteness,,degenerate_partition,0.386,0.38599999999999995,0.003345674552023411,uniform
uniform_live_quality_seed7111473167050986645,live_epoch_0026,26,3250,4,q4_partition_incompleteness,,degenerate_partition,0.3985,0.3985,0.0060667493641376495,uniform
uniform_live_quality_seed7111473167050986645,live_epoch_0027,27,3375,4,q4_partition_incompleteness,,degenerate_partition,0.3695,0.36950000000000005,0.013429269298911094,uniform
uniform_live_quality_seed7111473167050986645,live_epoch_0028,28,3500,4,q4_partition_incompleteness,,degenerate_partition,0.358,0.358,0.03115568393468857,uniform
uniform_live_quality_seed7111473167050986645,live_epoch_0029,29,3625,4,q4_partition_incompleteness,,degenerate_partition,0.3425,0.3425,0.056627493262290954,uniform
uniform_live_quality_seed7111473167050986645,live_epoch_0030,30,3750,4,q4_partition_incompleteness,,degenerate_partition,0.3635,0.3635,0.09948172736167908,uniform
uniform_live_quality_seed7111473167050986645,live_epoch_0031,31,3875,4,q4_partition_incompleteness,8.496761205442069e-16,,0.3955,0.39549999999999996,0.1050968461036682,uniform
uniform_live_quality_seed7111473167050986645,live_epoch_0032,32,4000,4,q4_partition_incompleteness,8.201346699207704e-16,,0.393,0.393,0.12442151761054993,uniform
uniform_live_quality_seed7111473167050986645,live_epoch_0033,33,4125,4,q4_partition_incompleteness,,degenerate_partition,0.395,0.395,0.10571711552143097,uniform
uniform_live_quality_seed7111473167050986645,live_epoch_0034,34,4250,4,q4_partition_incompleteness,1.1605934513998035e-15,,0.401,0.401,0.11233610916137696,uniform
uniform_live_quality_seed7111473167050986645,live_epoch_0035,35,4375,4,q4_partition_incompleteness,,degenerate_partition,0.3975,0.3975,0.11043914377689362,uniform
uniform_live_quality_seed7111473167050986645,live_epoch_0036,36,4500,4,q4_partition_incompleteness,,degenerate_partition,0.3965,0.3965,0.10376330041885376,uniform
uniform_live_quality_seed7111473167050986645,live_epoch_0037,37,4625,4,q4_partition_incompleteness,8.476250148229807e-16,,0.421,0.421,0.1082879683971405,uniform
uniform_live_quality_seed7111473167050986645,live_epoch_0038,38,4750,4,q4_partition_incompleteness,7.728395077854476e-16,,0.42,0.42,0.10512582957744598,uniform
uniform_live_quality_seed7111473167050986645,live_epoch_0039,39,4875,4,q4_partition_incompleteness,,degenerate_partition,0.4345,0.43450000000000005,0.10733225798606873,uniform
uniform_live_quality_seed7111473167050986645,live_epoch_0040,40,5000,4,q4_partition_incompleteness,7.673659761994922e-16,,0.426,0.42600000000000005,0.10427827513217926,uniform
uniform_live_quality_seed7111473167050986645,live_epoch_0041,41,5125,4,q4_partition_incompleteness,8.299639650548015e-16,,0.4255,0.4255,0.09806675982475281,uniform
uniform_live_quality_seed7111473167050986645,live_epoch_0042,42,5250,4,q4_partition_incompleteness,7.330507613152333e-16,,0.44,0.44,0.09902878022193909,uniform
uniform_live_quality_seed7111473167050986645,live_epoch_0043,43,5375,4,q4_partition_incompleteness,6.950942482096853e-16,,0.459,0.459,0.09427746748924255,uniform
uniform_live_quality_seed7111473167050986645,live_epoch_0044,44,5500,4,q4_partition_incompleteness,6.296972294486507e-16,,0.44,0.44,0.09379401409626006,uniform
uniform_live_quality_seed7111473167050986645,live_epoch_0045,45,5625,4,q4_partition_incompleteness,1.021041166145918e-15,,0.444,0.444,0.09166138148307801,uniform
uniform_live_quality_seed7111473167050986645,live_epoch_0046,46,5750,4,q4_partition_incompleteness,1.0672993350049063e-15,,0.435,0.43500000000000005,0.09129389607906342,uniform
uniform_live_quality_seed7111473167050986645,live_epoch_0047,47,5875,4,q4_partition_incompleteness,8.951477800070656e-16,,0.4405,0.4405,0.09181567740440369,uniform
uniform_live_quality_seed7111473167050986645,live_epoch_0048,48,6000,4,q4_partition_incompleteness,9.065121668539263e-16,,0.424,0.424,0.09308186984062194,uniform
uniform_live_quality_seed7111473167050986645,live_epoch_0049,49,6125,4,q4_partition_incompleteness,8.582284710884528e-16,,0.433,0.433,0.09291269564628601,uniform
uniform_live_quality_seed7111473167050986645,live_epoch_0050,50,6250,4,q4_partition_incompleteness,7.292242902940967e-16,,0.4425,0.4425,0.09371004223823548,uniform
uniform_live_quality_seed7111473167050986645,live_epoch_0051,51,6375,4,q4_partition_incompleteness,8.664872133235732e-16,,0.428,0.42800000000000005,0.09500530290603637,uniform
uniform_live_quality_seed7111473167050986645,live_epoch_0052,52,6500,4,q4_partition_incompleteness,9.373977623844057e-16,,0.427,0.42699999999999994,0.09625404715538025,uniform
uniform_live_quality_seed7111473167050986645,live_epoch_0053,53,6625,4,q4_partition_incompleteness,1.1163562206660344e-15,,0.4405,0.4405,0.09607635998725891,uniform
uniform_live_quality_seed7111473167050986645,live_epoch_0054,54,6750,4,q4_partition_incompleteness,8.361376151731771e-16,,0.4445,0.4445,0.09568634295463561,uniform
uniform_live_quality_seed7111473167050986645,live_epoch_0055,55,6875,4,q4_partition_incompleteness,1.4353771449737282e-15,,0.439,0.43899999999999995,0.10051087927818299,uniform
uniform_live_quality_seed7111473167050986645,live_epoch_0056,56,7000,4,q4_partition_incompleteness,1.0628191516363937e-15,,0.433,0.43299999999999994,0.10100525164604188,uniform
uniform_live_quality_seed7111473167050986645,live_epoch_0057,57,7125,4,q4_partition_incompleteness,1.0334002695473665e-15,,0.4285,0.4285,0.1013157913684845,uniform
uniform_live_quality_seed7111473167050986645,live_epoch_0058,58,7250,4,q4_partition_incompleteness,8.4573395997968665e-16,,0.443,0.44299999999999995,0.10295857286453247,uniform
uniform_live_quality_seed7111473167050986645,live_epoch_0059,59,7375,4,q4_partition_incompleteness,9.536130516525056e-16,,0.4495,0.4495,0.10294777154922485,uniform
uniform_live_quality_seed7111473167050986645,live_epoch_0060,60,7500,4,q4_partition_incompleteness,9.47013056344216e-16,,0.469,0.469,0.10535053825378418,uniform
uniform_live_quality_seed7111473167050986645,live_epoch_0061,61,7625,4,q4_partition_incompleteness,6.158382103542711e-16,,0.4775,0.47750000000000004,0.10395824193954467,uniform
uniform_live_quality_seed7111473167050986645,live_epoch_0062,62,7750,4,q4_partition_incompleteness,8.962531142348412e-16,,0.5045,0.5045000000000001,0.10320230007171631,uniform
uniform_live_quality_seed7111473167050986645,live_epoch_0063,63,7875,4,q4_partition_incompleteness,9.463196800211941e-16,,0.4955,0.49550000000000005,0.10549554944038392,uniform
uniform_live_quality_seed7111473167050986645,live_epoch_0064,64,8000,4,q4_partition_incompleteness,1.1262025010910737e-15,,0.5045,0.5045,0.10387999415397645,uniform
uniform_live_quality_seed7111473167050986645,live_epoch_0065,65,8125,4,q4_partition_incompleteness,1.0172206427655628e-15,,0.503,0.503,0.10445783424377442,uniform
uniform_live_quality_seed7111473167050986645,live_epoch_0066,66,8250,4,q4_partition_incompleteness,9.469556585019436e-16,,0.5095,0.5095000000000001,0.10450446462631226,uniform
uniform_live_quality_seed7111473167050986645,live_epoch_0067,67,8375,4,q4_partition_incompleteness,8.973922977583574e-16,,0.5165,0.5165,0.10628911423683167,uniform
uniform_live_quality_seed7111473167050986645,live_epoch_0068,68,8500,4,q4_partition_incompleteness,1.278728211135685e-15,,0.509,0.509,0.10491162157058716,uniform
uniform_live_quality_seed7111473167050986645,live_epoch_0069,69,8625,4,q4_partition_incompleteness,8.408228801289747e-16,,0.5165,0.5165,0.10478554248809814,uniform
uniform_live_quality_seed7111473167050986645,live_epoch_0070,70,8750,4,q4_partition_incompleteness,8.413849234236597e-16,,0.526,0.526,0.10515108442306519,uniform
uniform_live_quality_seed7111473167050986645,live_epoch_0071,71,8875,4,q4_partition_incompleteness,1.2719312045042003e-15,,0.532,0.532,0.10542909002304077,uniform
uniform_live_quality_seed7111473167050986645,live_epoch_0072,72,9000,4,q4_partition_incompleteness,8.971946906554164e-16,,0.547,0.5469999999999999,0.10938835644721985,uniform
uniform_live_quality_seed7111473167050986645,live_epoch_0073,73,9125,4,q4_partition_incompleteness,8.574793152279886e-16,,0.53,0.53,0.10520164799690247,uniform
uniform_live_quality_seed7111473167050986645,live_epoch_0074,74,9250,4,q4_partition_incompleteness,9.069750821824069e-16,,0.541,0.5409999999999999,0.1059716911315918,uniform
uniform_live_quality_seed7111473167050986645,live_epoch_0075,75,9375,4,q4_partition_incompleteness,9.303734997106678e-16,,0.5585,0.5585,0.10875931549072265,uniform
uniform_live_quality_seed7111473167050986645,live_epoch_0076,76,9500,4,q4_partition_incompleteness,1.0655885784333125e-15,,0.5575,0.5575,0.10576828289031982,uniform
uniform_live_quality_seed7111473167050986645,live_epoch_0077,77,9625,4,q4_partition_incompleteness,1.0910859068560543e-15,,0.5525,0.5525,0.10509442782402038,uniform
uniform_live_quality_seed7111473167050986645,live_epoch_0078,78,9750,4,q4_partition_incompleteness,1.0008040925972406e-15,,0.5555,0.5555,0.10417660427093506,uniform
uniform_live_quality_seed7111473167050986645,live_epoch_0079,79,9875,4,q4_partition_incompleteness,9.70218643005033e-16,,0.558,0.558,0.10485398697853088,uniform
uniform_live_quality_seed7111473167050986645,live_epoch_0080,80,10000,4,q4_partition_incompleteness,1.0424179840065848e-15,,0.5555,0.5555,0.10604727077484132,uniform
uniform_live_quality_seed7111473167050986645,live_epoch_0081,81,10125,4,q4_partition_incompleteness,8.584125357124768e-16,,0.562,0.562,0.10598238253593445,uniform
uniform_live_quality_seed7111473167050986645,live_epoch_0082,82,10250,4,q4_partition_incompleteness,9.723262420603075e-16,,0.551,0.5509999999999999,0.10721569752693176,uniform
uniform_live_quality_seed7111473167050986645,live_epoch_0083,83,10375,4,q4_partition_incompleteness,9.699272392667174e-16,,0.5525,0.5525,0.10503653478622436,uniform
uniform_live_quality_seed7111473167050986645,live_epoch_0084,84,10500,4,q4_partition_incompleteness,1.017225450026386e-15,,0.5535,0.5535,0.10542078185081481,uniform
uniform_live_quality_seed7111473167050986645,live_epoch_0085,85,10625,4,q4_partition_incompleteness,8.020889861177281e-16,,0.573,0.573,0.10830363798141479,uniform
uniform_live_quality_seed7111473167050986645,live_epoch_0086,86,10750,4,q4_partition_incompleteness,9.181356882122733e-16,,0.5655,0.5655000000000001,0.10777672719955445,uniform
uniform_live_quality_seed7111473167050986645,live_epoch_0087,87,10875,4,q4_partition_incompleteness,8.777882948855494e-16,,0.561,0.561,0.10287943577766419,uniform
uniform_live_quality_seed7111473167050986645,live_epoch_0088,88,11000,4,q4_partition_incompleteness,1.0183399826573003e-15,,0.5735,0.5735,0.10605844211578369,uniform
uniform_live_quality_seed7111473167050986645,live_epoch_0089,89,11125,4,q4_partition_incompleteness,9.891521948770546e-16,,0.566,0.566,0.1059640610218048,uniform
uniform_live_quality_seed7111473167050986645,live_epoch_0090,90,11250,4,q4_partition_incompleteness,7.779654593046851e-16,,0.5845,0.5845,0.10424339008331299,uniform
uniform_live_quality_seed7111473167050986645,live_epoch_0091,91,11375,4,q4_partition_incompleteness,1.0843752840682815e-15,,0.579,0.579,0.10716842889785766,uniform
uniform_live_quality_seed7111473167050986645,live_epoch_0092,92,11500,4,q4_partition_incompleteness,9.13088472727001e-16,,0.5925,0.5925,0.10801207733154297,uniform
uniform_live_quality_seed7111473167050986645,live_epoch_0093,93,11625,4,q4_partition_incompleteness,9.195550262948183e-16,,0.564,0.5640000000000001,0.1052492790222168,uniform
uniform_live_quality_seed7111473167050986645,live_epoch_0094,94,11750,4,q4_partition_incompleteness,1.1832850386909593e-15,,0.59,0.59,0.10582787275314331,uniform
uniform_live_quality_seed7111473167050986645,live_epoch_0095,95,11875,4,q4_partition_incompleteness,9.478417100025024e-16,,0.5915,0.5915,0.10494300127029418,uniform
uniform_live_quality_seed7111473167050986645,live_epoch_0096,96,12000,4,q4_partition_incompleteness,1.15699456167951e-15,,0.604,0.604,0.10446972298622131,uniform
uniform_live_quality_seed7111473167050986645,live_epoch_0097,97,12125,4,q4_partition_incompleteness,9.316567878625372e-16,,0.608,0.608,0.10413691973686218,uniform
uniform_live_quality_seed7111473167050986645,live_epoch_0098,98,12250,4,q4_partition_incompleteness,9.294751340425973e-16,,0.615,0.615,0.10516011047363281,uniform
uniform_live_quality_seed7111473167050986645,live_epoch_0099,99,12375,4,q4_partition_incompleteness,8.610580482681539e-16,,0.613,0.613,0.10320265579223632,uniform
uniform_live_quality_seed7111473167050986645,live_epoch_0100,100,12500,4,q4_partition_incompleteness,7.8335953155449445e-16,,0.6235,0.6234999999999999,0.10917238426208496,uniform
uniform_live_quality_seed7111473167050986645,live_epoch_0001,1,125,5,q5_subspace_similarity,,degenerate_partition,0.4195,0.4195,0.0011213373318314551,uniform
uniform_live_quality_seed7111473167050986645,live_epoch_0002,2,250,5,q5_subspace_similarity,,degenerate_partition,0.392,0.39199999999999996,0.0002901921896263957,uniform
uniform_live_quality_seed7111473167050986645,live_epoch_0003,3,375,5,q5_subspace_similarity,,no_previous_epoch,0.3995,0.39949999999999997,0.00012927067186683415,uniform
uniform_live_quality_seed7111473167050986645,live_epoch_0004,4,500,5,q5_subspace_similarity,0.9044876993743192,,0.4135,0.4135,0.00017340463353320956,uniform
uniform_live_quality_seed7111473167050986645,live_epoch_0005,5,625,5,q5_subspace_similarity,0.9863454981726846,,0.414,0.414,7.838597777299583e-05,uniform
uniform_live_quality_seed7111473167050986645,live_epoch_0006,6,750,5,q5_subspace_similarity,0.9624262608258242,,0.4175,0.4175,0.00013151315180584788,uniform
uniform_live_quality_seed7111473167050986645,live_epoch_0007,7,875,5,q5_subspace_similarity,0.9834541703097909,,0.4205,0.4205,6.605390808545053e-05,uniform
uniform_live_quality_seed7111473167050986645,live_epoch_0008,8,1000,5,q5_subspace_similarity,0.9944008612937125,,0.431,0.43099999999999994,6.425896589644253e-05,uniform
uniform_live_quality_seed7111473167050986645,live_epoch_0009,9,1125,5,q5_subspace_similarity,0.9905179601958474,,0.4315,0.43149999999999994,6.084494199603796e-05,uniform
uniform_live_quality_seed7111473167050986645,live_epoch_0010,10,1250,5,q5_subspace_similarity,0.9968382682991237,,0.428,0.428,5.844392580911517e-05,uniform
uniform_live_quality_seed7111473167050986645,live_epoch_0011,11,1375,5,q5_subspace_similarity,0.9932045238764776,,0.426,0.426,5.508617148734629e-05,uniform
uniform_live_quality_seed7111473167050986645,live_epoch_0012,12,1500,5,q5_subspace_similarity,0.9835273572005292,,0.4355,0.43549999999999994,5.390474852174521e-05,uniform
uniform_live_quality_seed7111473167050986645,live_epoch_0013,13,1625,5,q5_subspace_similarity,0.9925010642466652,,0.4365,0.43649999999999994,5.2589790197089315e-05,uniform
uniform_live_quality_seed7111473167050986645,live_epoch_0014,14,1750,5,q5_subspace_similarity,0.9669682429530465,,0.435,0.435,5.4997465573251245e-05,uniform
uniform_live_quality_seed7111473167050986645,live_epoch_0015,15,1875,5,q5_subspace_similarity,0.9724187351072804,,0.436,0.436,5.163274868391454e-05,uniform
uniform_live_quality_seed7111473167050986645,live_epoch_0016,16,2000,5,q5_subspace_similarity,0.9654677718053857,,0.4345,0.43449999999999994,5.3632036782801154e-05,uniform
uniform_live_quality_seed7111473167050986645,live_epoch_0017,17,2125,5,q5_subspace_similarity,0.9812881134199682,,0.431,0.431,5.503734084777534e-05,uniform
uniform_live_quality_seed7111473167050986645,live_epoch_0018,18,2250,5,q5_subspace_similarity,0.9862924868936538,,0.435,0.43499999999999994,5.960970651358366e-05,uniform
uniform_live_quality_seed7111473167050986645,live_epoch_0019,19,2375,5,q5_subspace_similarity,0.9688272252579871,,0.4325,0.4325,6.558159808628262e-05,uniform
uniform_live_quality_seed7111473167050986645,live_epoch_0020,20,2500,5,q5_subspace_similarity,,degenerate_partition,0.433,0.433,7.839183881878853e-05,uniform
uniform_live_quality_seed7111473167050986645,live_epoch_0021,21,2625,5,q5_subspace_similarity,,no_previous_epoch,0.4255,0.4255,0.00010045370319858193,uniform
uniform_live_quality_seed7111473167050986645,live_epoch_0022,22,2750,5,q5_subspace_similarity,0.945083865118058,,0.4255,0.4255,0.0001359921428374946,uniform
uniform_live_quality_seed7111473167050986645,live_epoch_0023,23,2875,5,q5_subspace_similarity,,degenerate_partition,0.4115,0.4115,0.0002048513637855649,uniform
uniform_live_quality_seed7111473167050986645,live_epoch_0024,24,3000,5,q5_subspace_similarity,,degenerate_partition,0.4005,0.40049999999999997,0.0010367267318069934,uniform
uniform_live_quality_seed7111473167050986645,live_epoch_0025,25,3125,5,q5_subspace_similarity,,degenerate_partition,0.386,0.38599999999999995,0.003345674552023411,uniform
uniform_live_quality_seed7111473167050986645,live_epoch_0026,26,3250,5,q5_subspace_similarity,,degenerate_partition,0.3985,0.3985,0.0060667493641376495,uniform
uniform_live_quality_seed7111473167050986645,live_epoch_0027,27,3375,5,q5_subspace_similarity,,degenerate_partition,0.3695,0.36950000000000005,0.013429269298911094,uniform
uniform_live_quality_seed7111473167050986645,live_epoch_0028,28,3500,5,q5_subspace_similarity,,degenerate_partition,0.358,0.358,0.03115568393468857,uniform
uniform_live_quality_seed7111473167050986645,live_epoch_0029,29,3625,5,q5_subspace_similarity,,degenerate_partition,0.3425,0.3425,0.056627493262290954,uniform
uniform_live_quality_seed7111473167050986645,live_epoch_0030,30,3750,5,q5_subspace_similarity,,degenerate_partition,0.3635,0.3635,0.09948172736167908,uniform
uniform_live_quality_seed7111473167050986645,live_epoch_0031,31,3875,5,q5_subspace_similarity,,no_previous_epoch,0.3955,0.39549999999999996,0.1050968461036682,uniform
uniform_live_quality_seed7111473167050986645,live_epoch_0032,32,4000,5,q5_subspace_similarity,0.7342406152973318,,0.393,0.393,0.12442151761054993,uniform
uniform_live_quality_seed7111473167050986645,live_epoch_0033,33,4125,5,q5_subspace_similarity,,degenerate_partition,0.395,0.395,0.10571711552143097,uniform
uniform_live_quality_seed7111473167050986645,live_epoch_0034,34,4250,5,q5_subspace_similarity,,no_previous_epoch,0.401,0.401,0.11233610916137696,uniform
uniform_live_quality_seed7111473167050986645,live_epoch_0035,35,4375,5,q5_subspace_similarity,,degenerate_partition,0.3975,0.3975,0.11043914377689362,uniform
uniform_live_quality_seed7111473167050986645,live_epoch_0036,36,4500,5,q5_subspace_similarity,,degenerate_partition,0.3965,0.3965,0.10376330041885376,uniform
uniform_live_quality_seed7111473167050986645,live_epoch_0037,37,4625,5,q5_subspace_similarity,,no_previous_epoch,0.421,0.421,0.1082879683971405,uniform
uniform_live_quality_seed7111473167050986645,live_epoch_0038,38,4750,5,q5_subspace_similarity,0.6832073083552064,,0.42,0.42,0.10512582957744598,uniform
uniform_live_quality_seed7111473167050986645,live_epoch_0039,39,4875,5,q5_subspace_similarity,,degenerate_partition,0.4345,0.43450000000000005,0.10733225798606873,uniform
uniform_live_quality_seed7111473167050986645,live_epoch_0040,40,5000,5,q5_subspace_similarity,,no_previous_epoch,0.426,0.42600000000000005,0.10427827513217926,uniform
uniform_live_quality_seed7111473167050986645,live_epoch_0041,41,5125,5,q5_subspace_similarity,0.9079464485546287,,0.4255,0.4255,0.09806675982475281,uniform
uniform_live_quality_seed7111473167050986645,live_epoch_0042,42,5250,5,q5_subspace_similarity,0.8831821147534975,,0.44,0.44,0.09902878022193909,uniform
uniform_live_quality_seed7111473167050986645,live_epoch_0043,43,5375,5,q5_subspace_similarity,0.970252761272805,,0.459,0.459,0.09427746748924255,uniform
uniform_live_quality_seed7111473167050986645,live_epoch_0044,44,5500,5,q5_subspace_similarity,0.9807414232399436,,0.44,0.44,0.09379401409626006,uniform
uniform_live_quality_seed7111473167050986645,live_epoch_0045,45,5625,5,q5_subspace_similarity,0.9786695687575444,,0.444,0.444,0.09166138148307801,uniform
uniform_live_quality_seed7111473167050986645,live_epoch_0046,46,5750,5,q5_subspace_similarity,0.9651787309506812,,0.435,0.43500000000000005,0.09129389607906342,uniform
uniform_live_quality_seed7111473167050986645,live_epoch_0047,47,5875,5,q5_subspace_similarity,0.9772938943207503,,0.4405,0.4405,0.09181567740440369,uniform
uniform_live_quality_seed7111473167050986645,live_epoch_0048,48,6000,5,q5_subspace_similarity,0.8842705017956332,,0.424,0.424,0.09308186984062194,uniform
uniform_live_quality_seed7111473167050986645,live_epoch_0049,49,6125,5,q5_subspace_similarity,0.9706497590097507,,0.433,0.433,0.09291269564628601,uniform
uniform_live_quality_seed7111473167050986645,live_epoch_0050,50,6250,5,q5_subspace_similarity,0.9855216751673097,,0.4425,0.4425,0.09371004223823548,uniform
uniform_live_quality_seed7111473167050986645,live_epoch_0051,51,6375,5,q5_subspace_similarity,0.9871294095907195,,0.428,0.42800000000000005,0.09500530290603637,uniform
uniform_live_quality_seed7111473167050986645,live_epoch_0052,52,6500,5,q5_subspace_similarity,0.9875736680374527,,0.427,0.42699999999999994,0.09625404715538025,uniform
uniform_live_quality_seed7111473167050986645,live_epoch_0053,53,6625,5,q5_subspace_similarity,0.9875176651497704,,0.4405,0.4405,0.09607635998725891,uniform
uniform_live_quality_seed7111473167050986645,live_epoch_0054,54,6750,5,q5_subspace_similarity,0.974459639886075,,0.4445,0.4445,0.09568634295463561,uniform
uniform_live_quality_seed7111473167050986645,live_epoch_0055,55,6875,5,q5_subspace_similarity,0.993758429950662,,0.439,0.43899999999999995,0.10051087927818299,uniform
uniform_live_quality_seed7111473167050986645,live_epoch_0056,56,7000,5,q5_subspace_similarity,0.9808428085700657,,0.433,0.43299999999999994,0.10100525164604188,uniform
uniform_live_quality_seed7111473167050986645,live_epoch_0057,57,7125,5,q5_subspace_similarity,0.9827389878084409,,0.4285,0.4285,0.1013157913684845,uniform
uniform_live_quality_seed7111473167050986645,live_epoch_0058,58,7250,5,q5_subspace_similarity,0.9821486926006084,,0.443,0.44299999999999995,0.10295857286453247,uniform
uniform_live_quality_seed7111473167050986645,live_epoch_0059,59,7375,5,q5_subspace_similarity,0.9869884139117266,,0.4495,0.4495,0.10294777154922485,uniform
uniform_live_quality_seed7111473167050986645,live_epoch_0060,60,7500,5,q5_subspace_similarity,0.9912466729756109,,0.469,0.469,0.10535053825378418,uniform
uniform_live_quality_seed7111473167050986645,live_epoch_0061,61,7625,5,q5_subspace_similarity,0.9895781071601413,,0.4775,0.47750000000000004,0.10395824193954467,uniform
uniform_live_quality_seed7111473167050986645,live_epoch_0062,62,7750,5,q5_subspace_similarity,0.9705168453874975,,0.5045,0.5045000000000001,0.10320230007171631,uniform
uniform_live_quality_seed7111473167050986645,live_epoch_0063,63,7875,5,q5_subspace_similarity,0.9772700027589452,,0.4955,0.49550000000000005,0.10549554944038392,uniform
uniform_live_quality_seed7111473167050986645,live_epoch_0064,64,8000,5,q5_subspace_similarity,0.9809162979450529,,0.5045,0.5045,0.10387999415397645,uniform
uniform_live_quality_seed7111473167050986645,live_epoch_0065,65,8125,5,q5_subspace_similarity,0.9909705363936259,,0.503,0.503,0.10445783424377442,uniform
uniform_live_quality_seed7111473167050986645,live_epoch_0066,66,8250,5,q5_subspace_similarity,0.992762264391626,,0.5095,0.5095000000000001,0.10450446462631226,uniform
uniform_live_quality_seed7111473167050986645,live_epoch_0067,67,8375,5,q5_subspace_similarity,0.9599274252639828,,0.5165,0.5165,0.10628911423683167,uniform
uniform_live_quality_seed7111473167050986645,live_epoch_0068,68,8500,5,q5_subspace_similarity,0.9894554378747591,,0.509,0.509,0.10491162157058716,uniform
uniform_live_quality_seed7111473167050986645,live_epoch_0069,69,8625,5,q5_subspace_similarity,0.9873772034227986,,0.5165,0.5165,0.10478554248809814,uniform
uniform_live_quality_seed7111473167050986645,live_epoch_0070,70,8750,5,q5_subspace_similarity,0.9861457465672682,,0.526,0.526,0.10515108442306519,uniform
uniform_live_quality_seed7111473167050986645,live_epoch_0071,71,8875,5,q5_subspace_similarity,0.9868243363218641,,0.532,0.532,0.10542909002304077,uniform
uniform_live_quality_seed7111473167050986645,live_epoch_0072,72,9000,5,q5_subspace_similarity,0.9053096218389685,,0.547,0.5469999999999999,0.10938835644721985,uniform
uniform_live_quality_seed7111473167050986645,live_epoch_0073,73,9125,5,q5_subspace_similarity,0.8705794913122981,,0.53,0.53,0.10520164799690247,uniform
uniform_live_quality_seed7111473167050986645,live_epoch_0074,74,9250,5,q5_subspace_similarity,0.9334304569962675,,0.541,0.5409999999999999,0.1059716911315918,uniform
uniform_live_quality_seed7111473167050986645,live_epoch_0075,75,9375,5,q5_subspace_similarity,0.993305631599939,,0.5585,0.5585,0.10875931549072265,uniform
uniform_live_quality_seed7111473167050986645,live_epoch_0076,76,9500,5,q5_subspace_similarity,0.9947795812936003,,0.5575,0.5575,0.10576828289031982,uniform
uniform_live_quality_seed7111473167050986645,live_epoch_0077,77,9625,5,q5_subspace_similarity,0.9960306378437374,,0.5525,0.5525,0.10509442782402038,uniform
uniform_live_quality_seed7111473167050986645,live_epoch_0078,78,9750,5,q5_subspace_similarity,0.9938269903392438,,0.5555,0.5555,0.10417660427093506,uniform
uniform_live_quality_seed7111473167050986645,live_epoch_0079,79,9875,5,q5_subspace_similarity,0.9951157126915591,,0.558,0.558,0.10485398697853088,uniform
uniform_live_quality_seed7111473167050986645,live_epoch_0080,80,10000,5,q5_subspace_similarity,0.9960125039497157,,0.5555,0.5555,0.10604727077484132,uniform
uniform_live_quality_seed7111473167050986645,live_epoch_0081,81,10125,5,q5_subspace_similarity,0.9957182158308056,,0.562,0.562,0.10598238253593445,uniform
uniform_live_quality_seed7111473167050986645,live_epoch_0082,82,10250,5,q5_subspace_similarity,0.9949742767211762,,0.551,0.5509999999999999,0.10721569752693176,uniform
uniform_live_quality_seed7111473167050986645,live_epoch_0083,83,10375,5,q5_subspace_similarity,0.9971151518185839,,0.5525,0.5525,0.10503653478622436,uniform
uniform_live_quality_seed7111473167050986645,live_epoch_0084,84,10500,5,q5_subspace_similarity,0.9977177857670152,,0.5535,0.5535,0.10542078185081481,uniform
uniform_live_quality_seed7111473167050986645,live_epoch_0085,85,10625,5,q5_subspace_similarity,0.9927006002172999,,0.573,0.573,0.10830363798141479,uniform
uniform_live_quality_seed7111473167050986645,live_epoch_0086,86,10750,5,q5_subspace_similarity,0.9949513443744341,,0.5655,0.5655000000000001,0.10777672719955445,uniform
uniform_live_quality_seed7111473167050986645,live_epoch_0087,87,10875,5,q5_subspace_similarity,0.9962917314776807,,0.561,0.561,0.10287943577766419,uniform
uniform_live_quality_seed7111473167050986645,live_epoch_0088,88,11000,5,q5_subspace_similarity,0.9936259900745613,,0.5735,0.5735,0.10605844211578369,uniform
uniform_live_quality_seed7111473167050986645,live_epoch_0089,89,11125,5,q5_subspace_similarity,0.9966588151753637,,0.566,0.566,0.1059640610218048,uniform
uniform_live_quality_seed7111473167050986645,live_epoch_0090,90,11250,5,q5_subspace_similarity,0.9967096101762891,,0.5845,0.5845,0.10424339008331299,uniform
uniform_live_quality_seed7111473167050986645,live_epoch_0091,91,11375,5,q5_subspace_similarity,0.9977307213801925,,0.579,0.579,0.10716842889785766,uniform
uniform_live_quality_seed7111473167050986645,live_epoch_0092,92,11500,5,q5_subspace_similarity,0.996126298435718,,0.5925,0.5925,0.10801207733154297,uniform
uniform_live_quality_seed7111473167050986645,live_epoch_0093,93,11625,5,q5_subspace_similarity,0.9951573349070646,,0.564,0.5640000000000001,0.1052492790222168,uniform
uniform_live_quality_seed7111473167050986645,live_epoch_0094,94,11750,5,q5_subspace_similarity,0.9959550552025392,,0.59,0.59,0.10582787275314331,uniform
uniform_live_quality_seed7111473167050986645,live_epoch_0095,95,11875,5,q5_subspace_similarity,0.9966681414241697,,0.5915,0.5915,0.10494300127029418,uniform
uniform_live_quality_seed7111473167050986645,live_epoch_0096,96,12000,5,q5_subspace_similarity,0.9935642760251218,,0.604,0.604,0.10446972298622131,uniform
uniform_live_quality_seed7111473167050986645,live_epoch_0097,97,12125,5,q5_subspace_similarity,0.9966402008769347,,0.608,0.608,0.10413691973686218,uniform
uniform_live_quality_seed7111473167050986645,live_epoch_0098,98,12250,5,q5_subspace_similarity,0.9944886966150694,,0.615,0.615,0.10516011047363281,uniform
uniform_live_quality_seed7111473167050986645,live_epoch_0099,99,12375,5,q5_subspace_similarity,0.9974036984072807,,0.613,0.613,0.10320265579223632,uniform
uniform_live_quality_seed7111473167050986645,live_epoch_0100,100,12500,5,q5_subspace_similarity,0.9944074495830025,,0.6235,0.6234999999999999,0.10917238426208496,uniform
uniform_live_quality_seed7111473167050986645,live_epoch_0001,1,125,6,q6_subspace_distance,,degenerate_partition,0.4195,0.4195,0.0011213373318314551,uniform
uniform_live_quality_seed7111473167050986645,live_epoch_0002,2,250,6,q6_subspace_distance,,degenerate_partition,0.392,0.39199999999999996,0.0002901921896263957,uniform
uniform_live_quality_seed7111473167050986645,live_epoch_0003,3,375,6,q6_subspace_distance,,no_previous_epoch,0.3995,0.39949999999999997,0.00012927067186683415,uniform
uniform_live_quality_seed7111473167050986645,live_epoch_0004,4,500,6,q6_subspace_distance,0.3090506441114154,,0.4135,0.4135,0.00017340463353320956,uniform
uniform_live_quality_seed7111473167050986645,live_epoch_0005,5,625,6,q6_subspace_distance,0.11685247890958789,,0.414,0.414,7.838597777299583e-05,uniform
uniform_live_quality_seed7111473167050986645,live_epoch_0006,6,750,6,q6_subspace_distance,0.1938394675348036,,0.4175,0.4175,0.00013151315180584788,uniform
uniform_live_quality_seed7111473167050986645,live_epoch_0007,7,875,6,q6_subspace_distance,0.12863059391221474,,0.4205,0.4205,6.605390808545053e-05,uniform
uniform_live_quality_seed7111473167050986645,live_epoch_0008,8,1000,6,q6_subspace_distance,0.07482739275350792,,0.431,0.43099999999999994,6.425896589644253e-05,uniform
uniform_live_quality_seed7111473167050986645,live_epoch_0009,9,1125,6,q6_subspace_distance,0.09737576600033969,,0.4315,0.43149999999999994,6.084494199603796e-05,uniform
uniform_live_quality_seed7111473167050986645,live_epoch_0010,10,1250,6,q6_subspace_distance,0.05622927796865636,,0.428,0.428,5.844392580911517e-05,uniform
uniform_live_quality_seed7111473167050986645,live_epoch_0011,11,1375,6,q6_subspace_distance,0.08243467791847323,,0.426,0.426,5.508617148734629e-05,uniform
uniform_live_quality_seed7111473167050986645,live_epoch_0012,12,1500,6,q6_subspace_distance,0.12834579385188594,,0.4355,0.43549999999999994,5.390474852174521e-05,uniform
uniform_live_quality_seed7111473167050986645,live_epoch_0013,13,1625,6,q6_subspace_distance,0.08659639572946999,,0.4365,0.43649999999999994,5.2589790197089315e-05,uniform
uniform_live_quality_seed7111473167050986645,live_epoch_0014,14,1750,6,q6_subspace_distance,0.18174640862188665,,0.435,0.435,5.4997465573251245e-05,uniform
uniform_live_quality_seed7111473167050986645,live_epoch_0015,15,1875,6,q6_subspace_distance,0.1660760816394713,,0.436,0.436,5.163274868391454e-05,uniform
uniform_live_quality_seed7111473167050986645,live_epoch_0016,16,2000,6,q6_subspace_distance,0.18582849134246102,,0.4345,0.43449999999999994,5.3632036782801154e-05,uniform
uniform_live_quality_seed7111473167050986645,live_epoch_0017,17,2125,6,q6_subspace_distance,0.1367913980483882,,0.431,0.431,5.503734084777534e-05,uniform
uniform_live_quality_seed7111473167050986645,live_epoch_0018,18,2250,6,q6_subspace_distance,0.11707908910794877,,0.435,0.43499999999999994,5.960970651358366e-05,uniform
uniform_live_quality_seed7111473167050986645,live_epoch_0019,19,2375,6,q6_subspace_distance,0.17655813417119431,,0.4325,0.4325,6.558159808628262e-05,uniform
uniform_live_quality_seed7111473167050986645,live_epoch_0020,20,2500,6,q6_subspace_distance,,degenerate_partition,0.433,0.433,7.839183881878853e-05,uniform
uniform_live_quality_seed7111473167050986645,live_epoch_0021,21,2625,6,q6_subspace_distance,,no_previous_epoch,0.4255,0.4255,0.00010045370319858193,uniform
uniform_live_quality_seed7111473167050986645,live_epoch_0022,22,2750,6,q6_subspace_distance,0.23434191874682267,,0.4255,0.4255,0.0001359921428374946,uniform
uniform_live_quality_seed7111473167050986645,live_epoch_0023,23,2875,6,q6_subspace_distance,,degenerate_partition,0.4115,0.4115,0.0002048513637855649,uniform
uniform_live_quality_seed7111473167050986645,live_epoch_0024,24,3000,6,q6_subspace_distance,,degenerate_partition,0.4005,0.40049999999999997,0.0010367267318069934,uniform
uniform_live_quality_seed7111473167050986645,live_epoch_0025,25,3125,6,q6_subspace_distance,,degenerate_partition,0.386,0.38599999999999995,0.003345674552023411,uniform
uniform_live_quality_seed7111473167050986645,live_epoch_0026,26,3250,6,q6_subspace_distance,,degenerate_partition,0.3985,0.3985,0.0060667493641376495,uniform
uniform_live_quality_seed7111473167050986645,live_epoch_0027,27,3375,6,q6_subspace_distance,,degenerate_partition,0.3695,0.36950000000000005,0.013429269298911094,uniform
uniform_live_quality_seed7111473167050986645,live_epoch_0028,28,3500,6,q6_subspace_distance,,degenerate_partition,0.358,0.358,0.03115568393468857,uniform
uniform_live_quality_seed7111473167050986645,live_epoch_0029,29,3625,6,q6_subspace_distance,,degenerate_partition,0.3425,0.3425,0.056627493262290954,uniform
uniform_live_quality_seed7111473167050986645,live_epoch_0030,30,3750,6,q6_subspace_distance,,degenerate_partition,0.3635,0.3635,0.09948172736167908,uniform
uniform_live_quality_seed7111473167050986645,live_epoch_0031,31,3875,6,q6_subspace_distance,,no_previous_epoch,0.3955,0.39549999999999996,0.1050968461036682,uniform
uniform_live_quality_seed7111473167050986645,live_epoch_0032,32,4000,6,q6_subspace_distance,0.5155185590283518,,0.393,0.393,0.12442151761054993,uniform
uniform_live_quality_seed7111473167050986645,live_epoch_0033,33,4125,6,q6_subspace_distance,,degenerate_partition,0.395,0.395,0.10571711552143097,uniform
uniform_live_quality_seed7111473167050986645,live_epoch_0034,34,4250,6,q6_subspace_distance,,no_previous_epoch,0.401,0.401,0.11233610916137696,uniform
uniform_live_quality_seed7111473167050986645,live_epoch_0035,35,4375,6,q6_subspace_distance,,degenerate_partition,0.3975,0.3975,0.11043914377689362,uniform
uniform_live_quality_seed7111473167050986645,live_epoch_0036,36,4500,6,q6_subspace_distance,,degenerate_partition,0.3965,0.3965,0.10376330041885376,uniform
uniform_live_quality_seed7111473167050986645,live_epoch_0037,37,4625,6,q6_subspace_distance,,no_previous_epoch,0.421,0.421,0.1082879683971405,uniform
uniform_live_quality_seed7111473167050986645,live_epoch_0038,38,4750,6,q6_subspace_distance,0.5628433988640126,,0.42,0.42,0.10512582957744598,uniform
uniform_live_quality_seed7111473167050986645,live_epoch_0039,39,4875,6,q6_subspace_distance,,degenerate_partition,0.4345,0.43450000000000005,0.10733225798606873,uniform
uniform_live_quality_seed7111473167050986645,live_epoch_0040,40,5000,6,q6_subspace_distance,,no_previous_epoch,0.426,0.42600000000000005,0.10427827513217926,uniform
uniform_live_quality_seed7111473167050986645,live_epoch_0041,41,5125,6,q6_subspace_distance,0.3034032818632179,,0.4255,0.4255,0.09806675982475281,uniform
uniform_live_quality_seed7111473167050986645,live_epoch_0042,42,5250,6,q6_subspace_distance,0.34178631518318986,,0.44,0.44,0.09902878022193909,uniform
uniform_live_quality_seed7111473167050986645,live_epoch_0043,43,5375,6,q6_subspace_distance,0.17247387839088926,,0.459,0.459,0.09427746748924255,uniform
uniform_live_quality_seed7111473167050986645,live_epoch_0044,44,5500,6,q6_subspace_distance,0.13877527431086809,,0.44,0.44,0.09379401409626006,uniform
uniform_live_quality_seed7111473167050986645,live_epoch_0045,45,5625,6,q6_subspace_distance,0.14604941370116942,,0.444,0.444,0.09166138148307801,uniform
uniform_live_quality_seed7111473167050986645,live_epoch_0046,46,5750,6,q6_subspace_distance,0.18660457938999994,,0.435,0.43500000000000005,0.09129389607906342,uniform
uniform_live_quality_seed7111473167050986645,live_epoch_0047,47,5875,6,q6_subspace_distance,0.15068545277912498,,0.4405,0.4405,0.09181567740440369,uniform
uniform_live_quality_seed7111473167050986645,live_epoch_0048,48,6000,6,q6_subspace_distance,0.3401903852321035,,0.424,0.424,0.09308186984062194,uniform
uniform_live_quality_seed7111473167050986645,live_epoch_0049,49,6125,6,q6_subspace_distance,0.17131912032884536,,0.433,0.433,0.09291269564628601,uniform
uniform_live_quality_seed7111473167050986645,live_epoch_0050,50,6250,6,q6_subspace_distance,0.1203259108949115,,0.4425,0.4425,0.09371004223823548,uniform
uniform_live_quality_seed7111473167050986645,live_epoch_0051,51,6375,6,q6_subspace_distance,0.1134486245367497,,0.428,0.42800000000000005,0.09500530290603637,uniform
uniform_live_quality_seed7111473167050986645,live_epoch_0052,52,6500,6,q6_subspace_distance,0.11147345855649733,,0.427,0.42699999999999994,0.09625404715538025,uniform
uniform_live_quality_seed7111473167050986645,live_epoch_0053,53,6625,6,q6_subspace_distance,0.11172436999253549,,0.4405,0.4405,0.09607635998725891,uniform
uniform_live_quality_seed7111473167050986645,live_epoch_0054,54,6750,6,q6_subspace_distance,0.1598135166809251,,0.4445,0.4445,0.09568634295463561,uniform
uniform_live_quality_seed7111473167050986645,live_epoch_0055,55,6875,6,q6_subspace_distance,0.07900360782482053,,0.439,0.43899999999999995,0.10051087927818299,uniform
uniform_live_quality_seed7111473167050986645,live_epoch_0056,56,7000,6,q6_subspace_distance,0.1384095062845558,,0.433,0.43299999999999994,0.10100525164604188,uniform
uniform_live_quality_seed7111473167050986645,live_epoch_0057,57,7125,6,q6_subspace_distance,0.13138117137382618,,0.4285,0.4285,0.1013157913684845,uniform
uniform_live_quality_seed7111473167050986645,live_epoch_0058,58,7250,6,q6_subspace_distance,0.13360878488853717,,0.443,0.44299999999999995,0.10295857286453247,uniform
uniform_live_quality_seed7111473167050986645,live_epoch_0059,59,7375,6,q6_subspace_distance,0.11406833955254092,,0.4495,0.4495,0.10294777154922485,uniform
uniform_live_quality_seed7111473167050986645,live_epoch_0060,60,7500,6,q6_subspace_distance,0.09355921667259448,,0.469,0.469,0.10535053825378418,uniform
uniform_live_quality_seed7111473167050986645,live_epoch_0061,61,7625,6,q6_subspace_distance,0.10208767232070076,,0.4775,0.47750000000000004,0.10395824193954467,uniform
uniform_live_quality_seed7111473167050986645,live_epoch_0062,62,7750,6,q6_subspace_distance,0.17170659455158596,,0.5045,0.5045000000000001,0.10320230007171631,uniform
uniform_live_quality_seed7111473167050986645,live_epoch_0063,63,7875,6,q6_subspace_distance,0.15076470820803886,,0.4955,0.49550000000000005,0.10549554944038392,uniform
uniform_live_quality_seed7111473167050986645,live_epoch_0064,64,8000,6,q6_subspace_distance,0.13814377313128368,,0.5045,0.5045,0.10387999415397645,uniform
uniform_live_quality_seed7111473167050986645,live_epoch_0065,65,8125,6,q6_subspace_distance,0.09502348976108407,,0.503,0.503,0.10445783424377442,uniform
uniform_live_quality_seed7111473167050986645,live_epoch_0066,66,8250,6,q6_subspace_distance,0.08507488235886185,,0.5095,0.5095000000000001,0.10450446462631226,uniform
uniform_live_quality_seed7111473167050986645,live_epoch_0067,67,8375,6,q6_subspace_distance,0.20018135461630113,,0.5165,0.5165,0.10628911423683167,uniform
uniform_live_quality_seed7111473167050986645,live_epoch_0068,68,8500,6,q6_subspace_distance,0.10268671834877795,,0.509,0.509,0.10491162157058716,uniform
uniform_live_quality_seed7111473167050986645,live_epoch_0069,69,8625,6,q6_subspace_distance,0.11235121974060304,,0.5165,0.5165,0.10478554248809814,uniform
uniform_live_quality_seed7111473167050986645,live_epoch_0070,70,8750,6,q6_subspace_distance,0.11770409267621729,,0.526,0.526,0.10515108442306519,uniform
uniform_live_quality_seed7111473167050986645,live_epoch_0071,71,8875,6,q6_subspace_distance,0.11478529382344924,,0.532,0.532,0.10542909002304077,uniform
uniform_live_quality_seed7111473167050986645,live_epoch_0072,72,9000,6,q6_subspace_distance,0.30771801728373116,,0.547,0.5469999999999999,0.10938835644721985,uniform
uniform_live_quality_seed7111473167050986645,live_epoch_0073,73,9125,6,q6_subspace_distance,0.3597506201352561,,0.53,0.53,0.10520164799690247,uniform
uniform_live_quality_seed7111473167050986645,live_epoch_0074,74,9250,6,q6_subspace_distance,0.2580107420316689,,0.541,0.5409999999999999,0.1059716911315918,uniform
uniform_live_quality_seed7111473167050986645,live_epoch_0075,75,9375,6,q6_subspace_distance,0.0818191200151967,,0.5585,0.5585,0.10875931549072265,uniform
uniform_live_quality_seed7111473167050986645,live_epoch_0076,76,9500,6,q6_subspace_distance,0.07225246505413943,,0.5575,0.5575,0.10576828289031982,uniform
uniform_live_quality_seed7111473167050986645,live_epoch_0077,77,9625,6,q6_subspace_distance,0.06300287419049015,,0.5525,0.5525,0.10509442782402038,uniform
uniform_live_quality_seed7111473167050986645,live_epoch_0078,78,9750,6,q6_subspace_distance,0.07856850298151255,,0.5555,0.5555,0.10417660427093506,uniform
uniform_live_quality_seed7111473167050986645,live_epoch_0079,79,9875,6,q6_subspace_distance,0.06988767637030545,,0.558,0.558,0.10485398697853088,uniform
uniform_live_quality_seed7111473167050986645,live_epoch_0080,80,10000,6,q6_subspace_distance,0.06314662342742283,,0.5555,0.5555,0.10604727077484132,uniform
uniform_live_quality_seed7111473167050986645,live_epoch_0081,81,10125,6,q6_subspace_distance,0.06543534342535998,,0.562,0.562,0.10598238253593445,uniform
uniform_live_quality_seed7111473167050986645,live_epoch_0082,82,10250,6,q6_subspace_distance,0.07089233582569572,,0.551,0.5509999999999999,0.10721569752693176,uniform
uniform_live_quality_seed7111473167050986645,live_epoch_0083,83,10375,6,q6_subspace_distance,0.05371078272950361,,0.5525,0.5525,0.10503653478622436,uniform
uniform_live_quality_seed7111473167050986645,live_epoch_0084,84,10500,6,q6_subspace_distance,0.04777252592217355,,0.5535,0.5535,0.10542078185081481,uniform
uniform_live_quality_seed7111473167050986645,live_epoch_0085,85,10625,6,q6_subspace_distance,0.08543652487490437,,0.573,0.573,0.10830363798141479,uniform
uniform_live_quality_seed7111473167050986645,live_epoch_0086,86,10750,6,q6_subspace_distance,0.07105389240264025,,0.5655,0.5655000000000001,0.10777672719955445,uniform
uniform_live_quality_seed7111473167050986645,live_epoch_0087,87,10875,6,q6_subspace_distance,0.06089555420816153,,0.561,0.561,0.10287943577766419,uniform
uniform_live_quality_seed7111473167050986645,live_epoch_0088,88,11000,6,q6_subspace_distance,0.07983739678520957,,0.5735,0.5735,0.10605844211578369,uniform
uniform_live_quality_seed7111473167050986645,live_epoch_0089,89,11125,6,q6_subspace_distance,0.05780298283511856,,0.566,0.566,0.1059640610218048,uniform
uniform_live_quality_seed7111473167050986645,live_epoch_0090,90,11250,6,q6_subspace_distance,0.0573619196306347,,0.5845,0.5845,0.10424339008331299,uniform
uniform_live_quality_seed7111473167050986645,live_epoch_0091,91,11375,6,q6_subspace_distance,0.04763694595382538,,0.579,0.579,0.10716842889785766,uniform
uniform_live_quality_seed7111473167050986645,live_epoch_0092,92,11500,6,q6_subspace_distance,0.06223906782947425,,0.5925,0.5925,0.10801207733154297,uniform
uniform_live_quality_seed7111473167050986645,live_epoch_0093,93,11625,6,q6_subspace_distance,0.06958925989644528,,0.564,0.5640000000000001,0.1052492790222168,uniform
uniform_live_quality_seed7111473167050986645,live_epoch_0094,94,11750,6,q6_subspace_distance,0.06359988048306593,,0.59,0.59,0.10582787275314331,uniform
uniform_live_quality_seed7111473167050986645,live_epoch_0095,95,11875,6,q6_subspace_distance,0.05772225373137992,,0.5915,0.5915,0.10494300127029418,uniform
uniform_live_quality_seed7111473167050986645,live_epoch_0096,96,12000,6,q6_subspace_distance,0.08022296413669637,,0.604,0.604,0.10446972298622131,uniform
uniform_live_quality_seed7111473167050986645,live_epoch_0097,97,12125,6,q6_subspace_distance,0.05796377423067642,,0.608,0.608,0.10413691973686218,uniform
uniform_live_quality_seed7111473167050986645,live_epoch_0098,98,12250,6,q6_subspace_distance,0.0742381531621738,,0.615,0.615,0.10516011047363281,uniform
uniform_live_quality_seed7111473167050986645,live_epoch_0099,99,12375,6,q6_subspace_distance,0.05095391636291723,,0.613,0.613,0.10320265579223632,uniform
uniform_live_quality_seed7111473167050986645,live_epoch_0100,100,12500,6,q6_subspace_distance,0.07478335655075537,,0.6235,0.6234999999999999,0.10917238426208496,uniform
uniform_live_quality_seed7111473167050986645,live_epoch_0001,1,125,7,q7_cross_jacobian_energy,,degenerate_partition,0.4195,0.4195,0.0011213373318314551,uniform
uniform_live_quality_seed7111473167050986645,live_epoch_0002,2,250,7,q7_cross_jacobian_energy,,degenerate_partition,0.392,0.39199999999999996,0.0002901921896263957,uniform
uniform_live_quality_seed7111473167050986645,live_epoch_0003,3,375,7,q7_cross_jacobian_energy,0.6776337044277674,,0.3995,0.39949999999999997,0.00012927067186683415,uniform
uniform_live_quality_seed7111473167050986645,live_epoch_0004,4,500,7,q7_cross_jacobian_energy,0.6654099655442531,,0.4135,0.4135,0.00017340463353320956,uniform
uniform_live_quality_seed7111473167050986645,live_epoch_0005,5,625,7,q7_cross_jacobian_energy,0.6686924528349815,,0.414,0.414,7.838597777299583e-05,uniform
uniform_live_quality_seed7111473167050986645,live_epoch_0006,6,750,7,q7_cross_jacobian_energy,0.6938501483668609,,0.4175,0.4175,0.00013151315180584788,uniform
uniform_live_quality_seed7111473167050986645,live_epoch_0007,7,875,7,q7_cross_jacobian_energy,0.7002063634224057,,0.4205,0.4205,6.605390808545053e-05,uniform
uniform_live_quality_seed7111473167050986645,live_epoch_0008,8,1000,7,q7_cross_jacobian_energy,0.7133151684406474,,0.431,0.43099999999999994,6.425896589644253e-05,uniform
uniform_live_quality_seed7111473167050986645,live_epoch_0009,9,1125,7,q7_cross_jacobian_energy,0.7337662771606022,,0.4315,0.43149999999999994,6.084494199603796e-05,uniform
uniform_live_quality_seed7111473167050986645,live_epoch_0010,10,1250,7,q7_cross_jacobian_energy,0.7538434189993851,,0.428,0.428,5.844392580911517e-05,uniform
uniform_live_quality_seed7111473167050986645,live_epoch_0011,11,1375,7,q7_cross_jacobian_energy,0.7631198585814637,,0.426,0.426,5.508617148734629e-05,uniform
uniform_live_quality_seed7111473167050986645,live_epoch_0012,12,1500,7,q7_cross_jacobian_energy,0.7811485266611875,,0.4355,0.43549999999999994,5.390474852174521e-05,uniform
uniform_live_quality_seed7111473167050986645,live_epoch_0013,13,1625,7,q7_cross_jacobian_energy,0.7937825789460033,,0.4365,0.43649999999999994,5.2589790197089315e-05,uniform
uniform_live_quality_seed7111473167050986645,live_epoch_0014,14,1750,7,q7_cross_jacobian_energy,0.8102299323051766,,0.435,0.435,5.4997465573251245e-05,uniform
uniform_live_quality_seed7111473167050986645,live_epoch_0015,15,1875,7,q7_cross_jacobian_energy,0.8188932508215716,,0.436,0.436,5.163274868391454e-05,uniform
uniform_live_quality_seed7111473167050986645,live_epoch_0016,16,2000,7,q7_cross_jacobian_energy,0.8201424229869071,,0.4345,0.43449999999999994,5.3632036782801154e-05,uniform
uniform_live_quality_seed7111473167050986645,live_epoch_0017,17,2125,7,q7_cross_jacobian_energy,0.8215228385345563,,0.431,0.431,5.503734084777534e-05,uniform
uniform_live_quality_seed7111473167050986645,live_epoch_0018,18,2250,7,q7_cross_jacobian_energy,0.8219247189325061,,0.435,0.43499999999999994,5.960970651358366e-05,uniform
uniform_live_quality_seed7111473167050986645,live_epoch_0019,19,2375,7,q7_cross_jacobian_energy,0.8250081211686828,,0.4325,0.4325,6.558159808628262e-05,uniform
uniform_live_quality_seed7111473167050986645,live_epoch_0020,20,2500,7,q7_cross_jacobian_energy,,degenerate_partition,0.433,0.433,7.839183881878853e-05,uniform
uniform_live_quality_seed7111473167050986645,live_epoch_0021,21,2625,7,q7_cross_jacobian_energy,0.8459487593492722,,0.4255,0.4255,0.00010045370319858193,uniform
uniform_live_quality_seed7111473167050986645,live_epoch_0022,22,2750,7,q7_cross_jacobian_energy,0.8584086936013541,,0.4255,0.4255,0.0001359921428374946,uniform
uniform_live_quality_seed7111473167050986645,live_epoch_0023,23,2875,7,q7_cross_jacobian_energy,,degenerate_partition,0.4115,0.4115,0.0002048513637855649,uniform
uniform_live_quality_seed7111473167050986645,live_epoch_0024,24,3000,7,q7_cross_jacobian_energy,,degenerate_partition,0.4005,0.40049999999999997,0.0010367267318069934,uniform
uniform_live_quality_seed7111473167050986645,live_epoch_0025,25,3125,7,q7_cross_jacobian_energy,,degenerate_partition,0.386,0.38599999999999995,0.003345674552023411,uniform
uniform_live_quality_seed7111473167050986645,live_epoch_0026,26,3250,7,q7_cross_jacobian_energy,,degenerate_partition,0.3985,0.3985,0.0060667493641376495,uniform
uniform_live_quality_seed7111473167050986645,live_epoch_0027,27,3375,7,q7_cross_jacobian_energy,,degenerate_partition,0.3695,0.36950000000000005,0.013429269298911094,uniform
uniform_live_quality_seed7111473167050986645,live_epoch_0028,28,3500,7,q7_cross_jacobian_energy,,degenerate_partition,0.358,0.358,0.03115568393468857,uniform
uniform_live_quality_seed7111473167050986645,live_epoch_0029,29,3625,7,q7_cross_jacobian_energy,,degenerate_partition,0.3425,0.3425,0.056627493262290954,uniform
uniform_live_quality_seed7111473167050986645,live_epoch_0030,30,3750,7,q7_cross_jacobian_energy,,degenerate_partition,0.3635,0.3635,0.09948172736167908,uniform
uniform_live_quality_seed7111473167050986645,live_epoch_0031,31,3875,7,q7_cross_jacobian_energy,0.741977783283308,,0.3955,0.39549999999999996,0.1050968461036682,uniform
uniform_live_quality_seed7111473167050986645,live_epoch_0032,32,4000,7,q7_cross_jacobian_energy,0.7738766237203817,,0.393,0.393,0.12442151761054993,uniform
uniform_live_quality_seed7111473167050986645,live_epoch_0033,33,4125,7,q7_cross_jacobian_energy,,degenerate_partition,0.395,0.395,0.10571711552143097,uniform
uniform_live_quality_seed7111473167050986645,live_epoch_0034,34,4250,7,q7_cross_jacobian_energy,0.7985602411642246,,0.401,0.401,0.11233610916137696,uniform
uniform_live_quality_seed7111473167050986645,live_epoch_0035,35,4375,7,q7_cross_jacobian_energy,,degenerate_partition,0.3975,0.3975,0.11043914377689362,uniform
uniform_live_quality_seed7111473167050986645,live_epoch_0036,36,4500,7,q7_cross_jacobian_energy,,degenerate_partition,0.3965,0.3965,0.10376330041885376,uniform
uniform_live_quality_seed7111473167050986645,live_epoch_0037,37,4625,7,q7_cross_jacobian_energy,0.7989339696899707,,0.421,0.421,0.1082879683971405,uniform
uniform_live_quality_seed7111473167050986645,live_epoch_0038,38,4750,7,q7_cross_jacobian_energy,0.7894689366543334,,0.42,0.42,0.10512582957744598,uniform
uniform_live_quality_seed7111473167050986645,live_epoch_0039,39,4875,7,q7_cross_jacobian_energy,,degenerate_partition,0.4345,0.43450000000000005,0.10733225798606873,uniform
uniform_live_quality_seed7111473167050986645,live_epoch_0040,40,5000,7,q7_cross_jacobian_energy,0.7740880511236672,,0.426,0.42600000000000005,0.10427827513217926,uniform
uniform_live_quality_seed7111473167050986645,live_epoch_0041,41,5125,7,q7_cross_jacobian_energy,0.7862704735384282,,0.4255,0.4255,0.09806675982475281,uniform
uniform_live_quality_seed7111473167050986645,live_epoch_0042,42,5250,7,q7_cross_jacobian_energy,0.7835552563680179,,0.44,0.44,0.09902878022193909,uniform
uniform_live_quality_seed7111473167050986645,live_epoch_0043,43,5375,7,q7_cross_jacobian_energy,0.7811130459791382,,0.459,0.459,0.09427746748924255,uniform
uniform_live_quality_seed7111473167050986645,live_epoch_0044,44,5500,7,q7_cross_jacobian_energy,0.7652739586588889,,0.44,0.44,0.09379401409626006,uniform
uniform_live_quality_seed7111473167050986645,live_epoch_0045,45,5625,7,q7_cross_jacobian_energy,0.7707236140432954,,0.444,0.444,0.09166138148307801,uniform
uniform_live_quality_seed7111473167050986645,live_epoch_0046,46,5750,7,q7_cross_jacobian_energy,0.7811075629250817,,0.435,0.43500000000000005,0.09129389607906342,uniform
uniform_live_quality_seed7111473167050986645,live_epoch_0047,47,5875,7,q7_cross_jacobian_energy,0.7491768290142518,,0.4405,0.4405,0.09181567740440369,uniform
uniform_live_quality_seed7111473167050986645,live_epoch_0048,48,6000,7,q7_cross_jacobian_energy,0.7536003760968366,,0.424,0.424,0.09308186984062194,uniform
uniform_live_quality_seed7111473167050986645,live_epoch_0049,49,6125,7,q7_cross_jacobian_energy,0.7749492921111699,,0.433,0.433,0.09291269564628601,uniform
uniform_live_quality_seed7111473167050986645,live_epoch_0050,50,6250,7,q7_cross_jacobian_energy,0.7882165932576516,,0.4425,0.4425,0.09371004223823548,uniform
uniform_live_quality_seed7111473167050986645,live_epoch_0051,51,6375,7,q7_cross_jacobian_energy,0.7738479174961393,,0.428,0.42800000000000005,0.09500530290603637,uniform
uniform_live_quality_seed7111473167050986645,live_epoch_0052,52,6500,7,q7_cross_jacobian_energy,0.7808727727194364,,0.427,0.42699999999999994,0.09625404715538025,uniform
uniform_live_quality_seed7111473167050986645,live_epoch_0053,53,6625,7,q7_cross_jacobian_energy,0.795697696576403,,0.4405,0.4405,0.09607635998725891,uniform
uniform_live_quality_seed7111473167050986645,live_epoch_0054,54,6750,7,q7_cross_jacobian_energy,0.7841573251009597,,0.4445,0.4445,0.09568634295463561,uniform
uniform_live_quality_seed7111473167050986645,live_epoch_0055,55,6875,7,q7_cross_jacobian_energy,0.7804867376592015,,0.439,0.43899999999999995,0.10051087927818299,uniform
uniform_live_quality_seed7111473167050986645,live_epoch_0056,56,7000,7,q7_cross_jacobian_energy,0.7699022764046936,,0.433,0.43299999999999994,0.10100525164604188,uniform
uniform_live_quality_seed7111473167050986645,live_epoch_0057,57,7125,7,q7_cross_jacobian_energy,0.7822404499002644,,0.4285,0.4285,0.1013157913684845,uniform
uniform_live_quality_seed7111473167050986645,live_epoch_0058,58,7250,7,q7_cross_jacobian_energy,0.7888565876887609,,0.443,0.44299999999999995,0.10295857286453247,uniform
uniform_live_quality_seed7111473167050986645,live_epoch_0059,59,7375,7,q7_cross_jacobian_energy,0.7909682237616391,,0.4495,0.4495,0.10294777154922485,uniform
uniform_live_quality_seed7111473167050986645,live_epoch_0060,60,7500,7,q7_cross_jacobian_energy,0.795365614026088,,0.469,0.469,0.10535053825378418,uniform
uniform_live_quality_seed7111473167050986645,live_epoch_0061,61,7625,7,q7_cross_jacobian_energy,0.7963514618607368,,0.4775,0.47750000000000004,0.10395824193954467,uniform
uniform_live_quality_seed7111473167050986645,live_epoch_0062,62,7750,7,q7_cross_jacobian_energy,0.7958230761915628,,0.5045,0.5045000000000001,0.10320230007171631,uniform
uniform_live_quality_seed7111473167050986645,live_epoch_0063,63,7875,7,q7_cross_jacobian_energy,0.7910427808427181,,0.4955,0.49550000000000005,0.10549554944038392,uniform
uniform_live_quality_seed7111473167050986645,live_epoch_0064,64,8000,7,q7_cross_jacobian_energy,0.7978802300372296,,0.5045,0.5045,0.10387999415397645,uniform
uniform_live_quality_seed7111473167050986645,live_epoch_0065,65,8125,7,q7_cross_jacobian_energy,0.7956387877435449,,0.503,0.503,0.10445783424377442,uniform
uniform_live_quality_seed7111473167050986645,live_epoch_0066,66,8250,7,q7_cross_jacobian_energy,0.7970437661281436,,0.5095,0.5095000000000001,0.10450446462631226,uniform
uniform_live_quality_seed7111473167050986645,live_epoch_0067,67,8375,7,q7_cross_jacobian_energy,0.7977537828020574,,0.5165,0.5165,0.10628911423683167,uniform
uniform_live_quality_seed7111473167050986645,live_epoch_0068,68,8500,7,q7_cross_jacobian_energy,0.7948712202202898,,0.509,0.509,0.10491162157058716,uniform
uniform_live_quality_seed7111473167050986645,live_epoch_0069,69,8625,7,q7_cross_jacobian_energy,0.7929882031363971,,0.5165,0.5165,0.10478554248809814,uniform
uniform_live_quality_seed7111473167050986645,live_epoch_0070,70,8750,7,q7_cross_jacobian_energy,0.8021306045809315,,0.526,0.526,0.10515108442306519,uniform
uniform_live_quality_seed7111473167050986645,live_epoch_0071,71,8875,7,q7_cross_jacobian_energy,0.7781437274960119,,0.532,0.532,0.10542909002304077,uniform
uniform_live_quality_seed7111473167050986645,live_epoch_0072,72,9000,7,q7_cross_jacobian_energy,0.7780786077265328,,0.547,0.5469999999999999,0.10938835644721985,uniform
uniform_live_quality_seed7111473167050986645,live_epoch_0073,73,9125,7,q7_cross_jacobian_energy,0.7945725454486863,,0.53,0.53,0.10520164799690247,uniform
uniform_live_quality_seed7111473167050986645,live_epoch_0074,74,9250,7,q7_cross_jacobian_energy,0.7842496634538929,,0.541,0.5409999999999999,0.1059716911315918,uniform
uniform_live_quality_seed7111473167050986645,live_epoch_0075,75,9375,7,q7_cross_jacobian_energy,0.7826065928418555,,0.5585,0.5585,0.10875931549072265,uniform
uniform_live_quality_seed7111473167050986645,live_epoch_0076,76,9500,7,q7_cross_jacobian_energy,0.7890232130733001,,0.5575,0.5575,0.10576828289031982,uniform
uniform_live_quality_seed7111473167050986645,live_epoch_0077,77,9625,7,q7_cross_jacobian_energy,0.7745403436966183,,0.5525,0.5525,0.10509442782402038,uniform
uniform_live_quality_seed7111473167050986645,live_epoch_0078,78,9750,7,q7_cross_jacobian_energy,0.7796397228119754,,0.5555,0.5555,0.10417660427093506,uniform
uniform_live_quality_seed7111473167050986645,live_epoch_0079,79,9875,7,q7_cross_jacobian_energy,0.7954521847502255,,0.558,0.558,0.10485398697853088,uniform
uniform_live_quality_seed7111473167050986645,live_epoch_0080,80,10000,7,q7_cross_jacobian_energy,0.7893210211645412,,0.5555,0.5555,0.10604727077484132,uniform
uniform_live_quality_seed7111473167050986645,live_epoch_0081,81,10125,7,q7_cross_jacobian_energy,0.7864560014579228,,0.562,0.562,0.10598238253593445,uniform
uniform_live_quality_seed7111473167050986645,live_epoch_0082,82,10250,7,q7_cross_jacobian_energy,0.7873399228383188,,0.551,0.5509999999999999,0.10721569752693176,uniform
uniform_live_quality_seed7111473167050986645,live_epoch_0083,83,10375,7,q7_cross_jacobian_energy,0.8055734832175566,,0.5525,0.5525,0.10503653478622436,uniform
uniform_live_quality_seed7111473167050986645,live_epoch_0084,84,10500,7,q7_cross_jacobian_energy,0.8034983089176071,,0.5535,0.5535,0.10542078185081481,uniform
uniform_live_quality_seed7111473167050986645,live_epoch_0085,85,10625,7,q7_cross_jacobian_energy,0.8086010625409316,,0.573,0.573,0.10830363798141479,uniform
uniform_live_quality_seed7111473167050986645,live_epoch_0086,86,10750,7,q7_cross_jacobian_energy,0.7975291091622174,,0.5655,0.5655000000000001,0.10777672719955445,uniform
uniform_live_quality_seed7111473167050986645,live_epoch_0087,87,10875,7,q7_cross_jacobian_energy,0.8128286091018695,,0.561,0.561,0.10287943577766419,uniform
uniform_live_quality_seed7111473167050986645,live_epoch_0088,88,11000,7,q7_cross_jacobian_energy,0.8172515818305475,,0.5735,0.5735,0.10605844211578369,uniform
uniform_live_quality_seed7111473167050986645,live_epoch_0089,89,11125,7,q7_cross_jacobian_energy,0.8226087769619476,,0.566,0.566,0.1059640610218048,uniform
uniform_live_quality_seed7111473167050986645,live_epoch_0090,90,11250,7,q7_cross_jacobian_energy,0.8273633285059875,,0.5845,0.5845,0.10424339008331299,uniform
uniform_live_quality_seed7111473167050986645,live_epoch_0091,91,11375,7,q7_cross_jacobian_energy,0.8244377513652033,,0.579,0.579,0.10716842889785766,uniform
uniform_live_quality_seed7111473167050986645,live_epoch_0092,92,11500,7,q7_cross_jacobian_energy,0.8354506487459123,,0.5925,0.5925,0.10801207733154297,uniform
uniform_live_quality_seed7111473167050986645,live_epoch_0093,93,11625,7,q7_cross_jacobian_energy,0.8297132287863468,,0.564,0.5640000000000001,0.1052492790222168,uniform
uniform_live_quality_seed7111473167050986645,live_epoch_0094,94,11750,7,q7_cross_jacobian_energy,0.8262476466102414,,0.59,0.59,0.10582787275314331,uniform
uniform_live_quality_seed7111473167050986645,live_epoch_0095,95,11875,7,q7_cross_jacobian_energy,0.8343598021407138,,0.5915,0.5915,0.10494300127029418,uniform
uniform_live_quality_seed7111473167050986645,live_epoch_0096,96,12000,7,q7_cross_jacobian_energy,0.8365333683780183,,0.604,0.604,0.10446972298622131,uniform
uniform_live_quality_seed7111473167050986645,live_epoch_0097,97,12125,7,q7_cross_jacobian_energy,0.8331272298812618,,0.608,0.608,0.10413691973686218,uniform
uniform_live_quality_seed7111473167050986645,live_epoch_0098,98,12250,7,q7_cross_jacobian_energy,0.8344237363193958,,0.615,0.615,0.10516011047363281,uniform
uniform_live_quality_seed7111473167050986645,live_epoch_0099,99,12375,7,q7_cross_jacobian_energy,0.8348600129859626,,0.613,0.613,0.10320265579223632,uniform
uniform_live_quality_seed7111473167050986645,live_epoch_0100,100,12500,7,q7_cross_jacobian_energy,0.8337601179197478,,0.6235,0.6234999999999999,0.10917238426208496,uniform
uniform_live_quality_seed7111473167050986645,live_epoch_0001,1,125,8,q8_virtual_sensitivity_magnitude,,degenerate_partition,0.4195,0.4195,0.0011213373318314551,uniform
uniform_live_quality_seed7111473167050986645,live_epoch_0002,2,250,8,q8_virtual_sensitivity_magnitude,,degenerate_partition,0.392,0.39199999999999996,0.0002901921896263957,uniform
uniform_live_quality_seed7111473167050986645,live_epoch_0003,3,375,8,q8_virtual_sensitivity_magnitude,0.0009695871024807598,,0.3995,0.39949999999999997,0.00012927067186683415,uniform
uniform_live_quality_seed7111473167050986645,live_epoch_0004,4,500,8,q8_virtual_sensitivity_magnitude,0.001417633653280197,,0.4135,0.4135,0.00017340463353320956,uniform
uniform_live_quality_seed7111473167050986645,live_epoch_0005,5,625,8,q8_virtual_sensitivity_magnitude,0.0009150309479724518,,0.414,0.414,7.838597777299583e-05,uniform
uniform_live_quality_seed7111473167050986645,live_epoch_0006,6,750,8,q8_virtual_sensitivity_magnitude,0.0009954123262058431,,0.4175,0.4175,0.00013151315180584788,uniform
uniform_live_quality_seed7111473167050986645,live_epoch_0007,7,875,8,q8_virtual_sensitivity_magnitude,0.0012057176460136838,,0.4205,0.4205,6.605390808545053e-05,uniform
uniform_live_quality_seed7111473167050986645,live_epoch_0008,8,1000,8,q8_virtual_sensitivity_magnitude,0.0008186128675298373,,0.431,0.43099999999999994,6.425896589644253e-05,uniform
uniform_live_quality_seed7111473167050986645,live_epoch_0009,9,1125,8,q8_virtual_sensitivity_magnitude,0.0010647278321961875,,0.4315,0.43149999999999994,6.084494199603796e-05,uniform
uniform_live_quality_seed7111473167050986645,live_epoch_0010,10,1250,8,q8_virtual_sensitivity_magnitude,0.0009518896471328549,,0.428,0.428,5.844392580911517e-05,uniform
uniform_live_quality_seed7111473167050986645,live_epoch_0011,11,1375,8,q8_virtual_sensitivity_magnitude,0.0007462809191227991,,0.426,0.426,5.508617148734629e-05,uniform
uniform_live_quality_seed7111473167050986645,live_epoch_0012,12,1500,8,q8_virtual_sensitivity_magnitude,0.0010964056588268745,,0.4355,0.43549999999999994,5.390474852174521e-05,uniform
uniform_live_quality_seed7111473167050986645,live_epoch_0013,13,1625,8,q8_virtual_sensitivity_magnitude,0.0008904872862151846,,0.4365,0.43649999999999994,5.2589790197089315e-05,uniform
uniform_live_quality_seed7111473167050986645,live_epoch_0014,14,1750,8,q8_virtual_sensitivity_magnitude,0.0008430368633972107,,0.435,0.435,5.4997465573251245e-05,uniform
uniform_live_quality_seed7111473167050986645,live_epoch_0015,15,1875,8,q8_virtual_sensitivity_magnitude,0.001164195002696375,,0.436,0.436,5.163274868391454e-05,uniform
uniform_live_quality_seed7111473167050986645,live_epoch_0016,16,2000,8,q8_virtual_sensitivity_magnitude,0.0011959909402783067,,0.4345,0.43449999999999994,5.3632036782801154e-05,uniform
uniform_live_quality_seed7111473167050986645,live_epoch_0017,17,2125,8,q8_virtual_sensitivity_magnitude,0.0009807876043099717,,0.431,0.431,5.503734084777534e-05,uniform
uniform_live_quality_seed7111473167050986645,live_epoch_0018,18,2250,8,q8_virtual_sensitivity_magnitude,0.001000426757356909,,0.435,0.43499999999999994,5.960970651358366e-05,uniform
uniform_live_quality_seed7111473167050986645,live_epoch_0019,19,2375,8,q8_virtual_sensitivity_magnitude,0.0009053035368698053,,0.4325,0.4325,6.558159808628262e-05,uniform
uniform_live_quality_seed7111473167050986645,live_epoch_0020,20,2500,8,q8_virtual_sensitivity_magnitude,,degenerate_partition,0.433,0.433,7.839183881878853e-05,uniform
uniform_live_quality_seed7111473167050986645,live_epoch_0021,21,2625,8,q8_virtual_sensitivity_magnitude,,degenerate_partition,0.4255,0.4255,0.00010045370319858193,uniform
uniform_live_quality_seed7111473167050986645,live_epoch_0022,22,2750,8,q8_virtual_sensitivity_magnitude,,degenerate_partition,0.4255,0.4255,0.0001359921428374946,uniform
uniform_live_quality_seed7111473167050986645,live_epoch_0023,23,2875,8,q8_virtual_sensitivity_magnitude,,degenerate_partition,0.4115,0.4115,0.0002048513637855649,uniform
uniform_live_quality_seed7111473167050986645,live_epoch_0024,24,3000,8,q8_virtual_sensitivity_magnitude,,degenerate_partition,0.4005,0.40049999999999997,0.0010367267318069934,uniform
uniform_live_quality_seed7111473167050986645,live_epoch_0025,25,3125,8,q8_virtual_sensitivity_magnitude,,degenerate_partition,0.386,0.38599999999999995,0.003345674552023411,uniform
uniform_live_quality_seed7111473167050986645,live_epoch_0026,26,3250,8,q8_virtual_sensitivity_magnitude,,degenerate_partition,0.3985,0.3985,0.0060667493641376495,uniform
uniform_live_quality_seed7111473167050986645,live_epoch_0027,27,3375,8,q8_virtual_sensitivity_magnitude,,degenerate_partition,0.3695,0.36950000000000005,0.013429269298911094,uniform
uniform_live_quality_seed7111473167050986645,live_epoch_0028,28,3500,8,q8_virtual_sensitivity_magnitude,,degenerate_partition,0.358,0.358,0.03115568393468857,uniform
uniform_live_quality_seed7111473167050986645,live_epoch_0029,29,3625,8,q8_virtual_sensitivity_magnitude,,degenerate_partition,0.3425,0.3425,0.056627493262290954,uniform
uniform_live_quality_seed7111473167050986645,live_epoch_0030,30,3750,8,q8_virtual_sensitivity_magnitude,,degenerate_partition,0.3635,0.3635,0.09948172736167908,uniform
uniform_live_quality_seed7111473167050986645,live_epoch_0031,31,3875,8,q8_virtual_sensitivity_magnitude,,degenerate_partition,0.3955,0.39549999999999996,0.1050968461036682,uniform
uniform_live_quality_seed7111473167050986645,live_epoch_0032,32,4000,8,q8_virtual_sensitivity_magnitude,,degenerate_partition,0.393,0.393,0.12442151761054993,uniform
uniform_live_quality_seed7111473167050986645,live_epoch_0033,33,4125,8,q8_virtual_sensitivity_magnitude,,degenerate_partition,0.395,0.395,0.10571711552143097,uniform
uniform_live_quality_seed7111473167050986645,live_epoch_0034,34,4250,8,q8_virtual_sensitivity_magnitude,,degenerate_partition,0.401,0.401,0.11233610916137696,uniform
uniform_live_quality_seed7111473167050986645,live_epoch_0035,35,4375,8,q8_virtual_sensitivity_magnitude,,degenerate_partition,0.3975,0.3975,0.11043914377689362,uniform
uniform_live_quality_seed7111473167050986645,live_epoch_0036,36,4500,8,q8_virtual_sensitivity_magnitude,,degenerate_partition,0.3965,0.3965,0.10376330041885376,uniform
uniform_live_quality_seed7111473167050986645,live_epoch_0037,37,4625,8,q8_virtual_sensitivity_magnitude,0.0006654146368875106,,0.421,0.421,0.1082879683971405,uniform
uniform_live_quality_seed7111473167050986645,live_epoch_0038,38,4750,8,q8_virtual_sensitivity_magnitude,0.0010940348217468713,,0.42,0.42,0.10512582957744598,uniform
uniform_live_quality_seed7111473167050986645,live_epoch_0039,39,4875,8,q8_virtual_sensitivity_magnitude,,degenerate_partition,0.4345,0.43450000000000005,0.10733225798606873,uniform
uniform_live_quality_seed7111473167050986645,live_epoch_0040,40,5000,8,q8_virtual_sensitivity_magnitude,,degenerate_partition,0.426,0.42600000000000005,0.10427827513217926,uniform
uniform_live_quality_seed7111473167050986645,live_epoch_0041,41,5125,8,q8_virtual_sensitivity_magnitude,,degenerate_partition,0.4255,0.4255,0.09806675982475281,uniform
uniform_live_quality_seed7111473167050986645,live_epoch_0042,42,5250,8,q8_virtual_sensitivity_magnitude,,degenerate_partition,0.44,0.44,0.09902878022193909,uniform
uniform_live_quality_seed7111473167050986645,live_epoch_0043,43,5375,8,q8_virtual_sensitivity_magnitude,,degenerate_partition,0.459,0.459,0.09427746748924255,uniform
uniform_live_quality_seed7111473167050986645,live_epoch_0044,44,5500,8,q8_virtual_sensitivity_magnitude,0.0006016023629214877,,0.44,0.44,0.09379401409626006,uniform
uniform_live_quality_seed7111473167050986645,live_epoch_0045,45,5625,8,q8_virtual_sensitivity_magnitude,0.0003307500029373873,,0.444,0.444,0.09166138148307801,uniform
uniform_live_quality_seed7111473167050986645,live_epoch_0046,46,5750,8,q8_virtual_sensitivity_magnitude,0.0005304962052907403,,0.435,0.43500000000000005,0.09129389607906342,uniform
uniform_live_quality_seed7111473167050986645,live_epoch_0047,47,5875,8,q8_virtual_sensitivity_magnitude,0.0005122256089132933,,0.4405,0.4405,0.09181567740440369,uniform
uniform_live_quality_seed7111473167050986645,live_epoch_0048,48,6000,8,q8_virtual_sensitivity_magnitude,0.00048291460049274687,,0.424,0.424,0.09308186984062194,uniform
uniform_live_quality_seed7111473167050986645,live_epoch_0049,49,6125,8,q8_virtual_sensitivity_magnitude,0.0005727272891946297,,0.433,0.433,0.09291269564628601,uniform
uniform_live_quality_seed7111473167050986645,live_epoch_0050,50,6250,8,q8_virtual_sensitivity_magnitude,0.0005874382732726801,,0.4425,0.4425,0.09371004223823548,uniform
uniform_live_quality_seed7111473167050986645,live_epoch_0051,51,6375,8,q8_virtual_sensitivity_magnitude,0.0002770301805667928,,0.428,0.42800000000000005,0.09500530290603637,uniform
uniform_live_quality_seed7111473167050986645,live_epoch_0052,52,6500,8,q8_virtual_sensitivity_magnitude,0.0006437194095077218,,0.427,0.42699999999999994,0.09625404715538025,uniform
uniform_live_quality_seed7111473167050986645,live_epoch_0053,53,6625,8,q8_virtual_sensitivity_magnitude,0.00037829185951335106,,0.4405,0.4405,0.09607635998725891,uniform
uniform_live_quality_seed7111473167050986645,live_epoch_0054,54,6750,8,q8_virtual_sensitivity_magnitude,0.00039441648159542817,,0.4445,0.4445,0.09568634295463561,uniform
uniform_live_quality_seed7111473167050986645,live_epoch_0055,55,6875,8,q8_virtual_sensitivity_magnitude,0.0003390391731467187,,0.439,0.43899999999999995,0.10051087927818299,uniform
uniform_live_quality_seed7111473167050986645,live_epoch_0056,56,7000,8,q8_virtual_sensitivity_magnitude,0.0004303441705224487,,0.433,0.43299999999999994,0.10100525164604188,uniform
uniform_live_quality_seed7111473167050986645,live_epoch_0057,57,7125,8,q8_virtual_sensitivity_magnitude,0.0004777957249074143,,0.4285,0.4285,0.1013157913684845,uniform
uniform_live_quality_seed7111473167050986645,live_epoch_0058,58,7250,8,q8_virtual_sensitivity_magnitude,0.0005742053589387348,,0.443,0.44299999999999995,0.10295857286453247,uniform
uniform_live_quality_seed7111473167050986645,live_epoch_0059,59,7375,8,q8_virtual_sensitivity_magnitude,0.0005223748859394862,,0.4495,0.4495,0.10294777154922485,uniform
uniform_live_quality_seed7111473167050986645,live_epoch_0060,60,7500,8,q8_virtual_sensitivity_magnitude,0.00025689251360846863,,0.469,0.469,0.10535053825378418,uniform
uniform_live_quality_seed7111473167050986645,live_epoch_0061,61,7625,8,q8_virtual_sensitivity_magnitude,0.0003191869040570325,,0.4775,0.47750000000000004,0.10395824193954467,uniform
uniform_live_quality_seed7111473167050986645,live_epoch_0062,62,7750,8,q8_virtual_sensitivity_magnitude,0.0005522577496318748,,0.5045,0.5045000000000001,0.10320230007171631,uniform
uniform_live_quality_seed7111473167050986645,live_epoch_0063,63,7875,8,q8_virtual_sensitivity_magnitude,0.0007187160838518298,,0.4955,0.49550000000000005,0.10549554944038392,uniform
uniform_live_quality_seed7111473167050986645,live_epoch_0064,64,8000,8,q8_virtual_sensitivity_magnitude,0.0006852540623916528,,0.5045,0.5045,0.10387999415397645,uniform
uniform_live_quality_seed7111473167050986645,live_epoch_0065,65,8125,8,q8_virtual_sensitivity_magnitude,0.0007763291260485446,,0.503,0.503,0.10445783424377442,uniform
uniform_live_quality_seed7111473167050986645,live_epoch_0066,66,8250,8,q8_virtual_sensitivity_magnitude,0.000386326984180558,,0.5095,0.5095000000000001,0.10450446462631226,uniform
uniform_live_quality_seed7111473167050986645,live_epoch_0067,67,8375,8,q8_virtual_sensitivity_magnitude,0.0006859061577692061,,0.5165,0.5165,0.10628911423683167,uniform
uniform_live_quality_seed7111473167050986645,live_epoch_0068,68,8500,8,q8_virtual_sensitivity_magnitude,0.0005135427402246414,,0.509,0.509,0.10491162157058716,uniform
uniform_live_quality_seed7111473167050986645,live_epoch_0069,69,8625,8,q8_virtual_sensitivity_magnitude,0.00038887541270136674,,0.5165,0.5165,0.10478554248809814,uniform
uniform_live_quality_seed7111473167050986645,live_epoch_0070,70,8750,8,q8_virtual_sensitivity_magnitude,0.0005533667523059151,,0.526,0.526,0.10515108442306519,uniform
uniform_live_quality_seed7111473167050986645,live_epoch_0071,71,8875,8,q8_virtual_sensitivity_magnitude,0.0004920052547275984,,0.532,0.532,0.10542909002304077,uniform
uniform_live_quality_seed7111473167050986645,live_epoch_0072,72,9000,8,q8_virtual_sensitivity_magnitude,0.0004926560761477395,,0.547,0.5469999999999999,0.10938835644721985,uniform
uniform_live_quality_seed7111473167050986645,live_epoch_0073,73,9125,8,q8_virtual_sensitivity_magnitude,0.0003487572130715171,,0.53,0.53,0.10520164799690247,uniform
uniform_live_quality_seed7111473167050986645,live_epoch_0074,74,9250,8,q8_virtual_sensitivity_magnitude,0.000519058466464703,,0.541,0.5409999999999999,0.1059716911315918,uniform
uniform_live_quality_seed7111473167050986645,live_epoch_0075,75,9375,8,q8_virtual_sensitivity_magnitude,0.0006893550969756106,,0.5585,0.5585,0.10875931549072265,uniform
uniform_live_quality_seed7111473167050986645,live_epoch_0076,76,9500,8,q8_virtual_sensitivity_magnitude,0.0007144227294308494,,0.5575,0.5575,0.10576828289031982,uniform
uniform_live_quality_seed7111473167050986645,live_epoch_0077,77,9625,8,q8_virtual_sensitivity_magnitude,0.001110207682331366,,0.5525,0.5525,0.10509442782402038,uniform
uniform_live_quality_seed7111473167050986645,live_epoch_0078,78,9750,8,q8_virtual_sensitivity_magnitude,0.000553243578429255,,0.5555,0.5555,0.10417660427093506,uniform
uniform_live_quality_seed7111473167050986645,live_epoch_0079,79,9875,8,q8_virtual_sensitivity_magnitude,0.0013106002549737171,,0.558,0.558,0.10485398697853088,uniform
uniform_live_quality_seed7111473167050986645,live_epoch_0080,80,10000,8,q8_virtual_sensitivity_magnitude,0.0009508468500630985,,0.5555,0.5555,0.10604727077484132,uniform
uniform_live_quality_seed7111473167050986645,live_epoch_0081,81,10125,8,q8_virtual_sensitivity_magnitude,0.001202245908448467,,0.562,0.562,0.10598238253593445,uniform
uniform_live_quality_seed7111473167050986645,live_epoch_0082,82,10250,8,q8_virtual_sensitivity_magnitude,0.000519303229963099,,0.551,0.5509999999999999,0.10721569752693176,uniform
uniform_live_quality_seed7111473167050986645,live_epoch_0083,83,10375,8,q8_virtual_sensitivity_magnitude,0.001600695028131751,,0.5525,0.5525,0.10503653478622436,uniform
uniform_live_quality_seed7111473167050986645,live_epoch_0084,84,10500,8,q8_virtual_sensitivity_magnitude,0.0005718915412567069,,0.5535,0.5535,0.10542078185081481,uniform
uniform_live_quality_seed7111473167050986645,live_epoch_0085,85,10625,8,q8_virtual_sensitivity_magnitude,0.0030510986817982753,,0.573,0.573,0.10830363798141479,uniform
uniform_live_quality_seed7111473167050986645,live_epoch_0086,86,10750,8,q8_virtual_sensitivity_magnitude,0.0013891473637327872,,0.5655,0.5655000000000001,0.10777672719955445,uniform
uniform_live_quality_seed7111473167050986645,live_epoch_0087,87,10875,8,q8_virtual_sensitivity_magnitude,0.0014398649391713534,,0.561,0.561,0.10287943577766419,uniform
uniform_live_quality_seed7111473167050986645,live_epoch_0088,88,11000,8,q8_virtual_sensitivity_magnitude,0.0045608007812386045,,0.5735,0.5735,0.10605844211578369,uniform
uniform_live_quality_seed7111473167050986645,live_epoch_0089,89,11125,8,q8_virtual_sensitivity_magnitude,0.008674054542595119,,0.566,0.566,0.1059640610218048,uniform
uniform_live_quality_seed7111473167050986645,live_epoch_0090,90,11250,8,q8_virtual_sensitivity_magnitude,0.003040878996823851,,0.5845,0.5845,0.10424339008331299,uniform
uniform_live_quality_seed7111473167050986645,live_epoch_0091,91,11375,8,q8_virtual_sensitivity_magnitude,0.0024890714762820527,,0.579,0.579,0.10716842889785766,uniform
uniform_live_quality_seed7111473167050986645,live_epoch_0092,92,11500,8,q8_virtual_sensitivity_magnitude,0.0015618327775711405,,0.5925,0.5925,0.10801207733154297,uniform
uniform_live_quality_seed7111473167050986645,live_epoch_0093,93,11625,8,q8_virtual_sensitivity_magnitude,0.0013393999235525524,,0.564,0.5640000000000001,0.1052492790222168,uniform
uniform_live_quality_seed7111473167050986645,live_epoch_0094,94,11750,8,q8_virtual_sensitivity_magnitude,0.0038375697893957626,,0.59,0.59,0.10582787275314331,uniform
uniform_live_quality_seed7111473167050986645,live_epoch_0095,95,11875,8,q8_virtual_sensitivity_magnitude,0.002556336980641862,,0.5915,0.5915,0.10494300127029418,uniform
uniform_live_quality_seed7111473167050986645,live_epoch_0096,96,12000,8,q8_virtual_sensitivity_magnitude,0.0010830883558787827,,0.604,0.604,0.10446972298622131,uniform
uniform_live_quality_seed7111473167050986645,live_epoch_0097,97,12125,8,q8_virtual_sensitivity_magnitude,0.002083244223478227,,0.608,0.608,0.10413691973686218,uniform
uniform_live_quality_seed7111473167050986645,live_epoch_0098,98,12250,8,q8_virtual_sensitivity_magnitude,0.0028428467162930527,,0.615,0.615,0.10516011047363281,uniform
uniform_live_quality_seed7111473167050986645,live_epoch_0099,99,12375,8,q8_virtual_sensitivity_magnitude,0.002293247605362217,,0.613,0.613,0.10320265579223632,uniform
uniform_live_quality_seed7111473167050986645,live_epoch_0100,100,12500,8,q8_virtual_sensitivity_magnitude,0.001341897938780295,,0.6235,0.6234999999999999,0.10917238426208496,uniform
uniform_live_quality_seed7111473167050986645,live_epoch_0001,1,125,9,q9_subspace_velocity,,degenerate_partition,0.4195,0.4195,0.0011213373318314551,uniform
uniform_live_quality_seed7111473167050986645,live_epoch_0002,2,250,9,q9_subspace_velocity,,degenerate_partition,0.392,0.39199999999999996,0.0002901921896263957,uniform
uniform_live_quality_seed7111473167050986645,live_epoch_0003,3,375,9,q9_subspace_velocity,,no_previous_epoch,0.3995,0.39949999999999997,0.00012927067186683415,uniform
uniform_live_quality_seed7111473167050986645,live_epoch_0004,4,500,9,q9_subspace_velocity,0.0024724051528913233,,0.4135,0.4135,0.00017340463353320956,uniform
uniform_live_quality_seed7111473167050986645,live_epoch_0005,5,625,9,q9_subspace_velocity,0.0009348198312767031,,0.414,0.414,7.838597777299583e-05,uniform
uniform_live_quality_seed7111473167050986645,live_epoch_0006,6,750,9,q9_subspace_velocity,0.0015507157402784289,,0.4175,0.4175,0.00013151315180584788,uniform
uniform_live_quality_seed7111473167050986645,live_epoch_0007,7,875,9,q9_subspace_velocity,0.0010290447512977178,,0.4205,0.4205,6.605390808545053e-05,uniform
uniform_live_quality_seed7111473167050986645,live_epoch_0008,8,1000,9,q9_subspace_velocity,0.0005986191420280634,,0.431,0.43099999999999994,6.425896589644253e-05,uniform
uniform_live_quality_seed7111473167050986645,live_epoch_0009,9,1125,9,q9_subspace_velocity,0.0007790061280027175,,0.4315,0.43149999999999994,6.084494199603796e-05,uniform
uniform_live_quality_seed7111473167050986645,live_epoch_0010,10,1250,9,q9_subspace_velocity,0.0004498342237492509,,0.428,0.428,5.844392580911517e-05,uniform
uniform_live_quality_seed7111473167050986645,live_epoch_0011,11,1375,9,q9_subspace_velocity,0.0006594774233477858,,0.426,0.426,5.508617148734629e-05,uniform
uniform_live_quality_seed7111473167050986645,live_epoch_0012,12,1500,9,q9_subspace_velocity,0.0010267663508150874,,0.4355,0.43549999999999994,5.390474852174521e-05,uniform
uniform_live_quality_seed7111473167050986645,live_epoch_0013,13,1625,9,q9_subspace_velocity,0.00069277116583576,,0.4365,0.43649999999999994,5.2589790197089315e-05,uniform
uniform_live_quality_seed7111473167050986645,live_epoch_0014,14,1750,9,q9_subspace_velocity,0.0014539712689750931,,0.435,0.435,5.4997465573251245e-05,uniform
uniform_live_quality_seed7111473167050986645,live_epoch_0015,15,1875,9,q9_subspace_velocity,0.0013286086531157705,,0.436,0.436,5.163274868391454e-05,uniform
uniform_live_quality_seed7111473167050986645,live_epoch_0016,16,2000,9,q9_subspace_velocity,0.0014866279307396881,,0.4345,0.43449999999999994,5.3632036782801154e-05,uniform
uniform_live_quality_seed7111473167050986645,live_epoch_0017,17,2125,9,q9_subspace_velocity,0.0010943311843871054,,0.431,0.431,5.503734084777534e-05,uniform
uniform_live_quality_seed7111473167050986645,live_epoch_0018,18,2250,9,q9_subspace_velocity,0.0009366327128635902,,0.435,0.43499999999999994,5.960970651358366e-05,uniform
uniform_live_quality_seed7111473167050986645,live_epoch_0019,19,2375,9,q9_subspace_velocity,0.0014124650733695545,,0.4325,0.4325,6.558159808628262e-05,uniform
uniform_live_quality_seed7111473167050986645,live_epoch_0020,20,2500,9,q9_subspace_velocity,,degenerate_partition,0.433,0.433,7.839183881878853e-05,uniform
uniform_live_quality_seed7111473167050986645,live_epoch_0021,21,2625,9,q9_subspace_velocity,,no_previous_epoch,0.4255,0.4255,0.00010045370319858193,uniform
uniform_live_quality_seed7111473167050986645,live_epoch_0022,22,2750,9,q9_subspace_velocity,0.0018747353499745814,,0.4255,0.4255,0.0001359921428374946,uniform
uniform_live_quality_seed7111473167050986645,live_epoch_0023,23,2875,9,q9_subspace_velocity,,degenerate_partition,0.4115,0.4115,0.0002048513637855649,uniform
uniform_live_quality_seed7111473167050986645,live_epoch_0024,24,3000,9,q9_subspace_velocity,,degenerate_partition,0.4005,0.40049999999999997,0.0010367267318069934,uniform
uniform_live_quality_seed7111473167050986645,live_epoch_0025,25,3125,9,q9_subspace_velocity,,degenerate_partition,0.386,0.38599999999999995,0.003345674552023411,uniform
uniform_live_quality_seed7111473167050986645,live_epoch_0026,26,3250,9,q9_subspace_velocity,,degenerate_partition,0.3985,0.3985,0.0060667493641376495,uniform
uniform_live_quality_seed7111473167050986645,live_epoch_0027,27,3375,9,q9_subspace_velocity,,degenerate_partition,0.3695,0.36950000000000005,0.013429269298911094,uniform
uniform_live_quality_seed7111473167050986645,live_epoch_0028,28,3500,9,q9_subspace_velocity,,degenerate_partition,0.358,0.358,0.03115568393468857,uniform
uniform_live_quality_seed7111473167050986645,live_epoch_0029,29,3625,9,q9_subspace_velocity,,degenerate_partition,0.3425,0.3425,0.056627493262290954,uniform
uniform_live_quality_seed7111473167050986645,live_epoch_0030,30,3750,9,q9_subspace_velocity,,degenerate_partition,0.3635,0.3635,0.09948172736167908,uniform
uniform_live_quality_seed7111473167050986645,live_epoch_0031,31,3875,9,q9_subspace_velocity,,no_previous_epoch,0.3955,0.39549999999999996,0.1050968461036682,uniform
uniform_live_quality_seed7111473167050986645,live_epoch_0032,32,4000,9,q9_subspace_velocity,0.004124148472226814,,0.393,0.393,0.12442151761054993,uniform
uniform_live_quality_seed7111473167050986645,live_epoch_0033,33,4125,9,q9_subspace_velocity,,degenerate_partition,0.395,0.395,0.10571711552143097,uniform
uniform_live_quality_seed7111473167050986645,live_epoch_0034,34,4250,9,q9_subspace_velocity,,no_previous_epoch,0.401,0.401,0.11233610916137696,uniform
uniform_live_quality_seed7111473167050986645,live_epoch_0035,35,4375,9,q9_subspace_velocity,,degenerate_partition,0.3975,0.3975,0.11043914377689362,uniform
uniform_live_quality_seed7111473167050986645,live_epoch_0036,36,4500,9,q9_subspace_velocity,,degenerate_partition,0.3965,0.3965,0.10376330041885376,uniform
uniform_live_quality_seed7111473167050986645,live_epoch_0037,37,4625,9,q9_subspace_velocity,,no_previous_epoch,0.421,0.421,0.1082879683971405,uniform
uniform_live_quality_seed7111473167050986645,live_epoch_0038,38,4750,9,q9_subspace_velocity,0.004502747190912101,,0.42,0.42,0.10512582957744598,uniform
uniform_live_quality_seed7111473167050986645,live_epoch_0039,39,4875,9,q9_subspace_velocity,,degenerate_partition,0.4345,0.43450000000000005,0.10733225798606873,uniform
uniform_live_quality_seed7111473167050986645,live_epoch_0040,40,5000,9,q9_subspace_velocity,,no_previous_epoch,0.426,0.42600000000000005,0.10427827513217926,uniform
uniform_live_quality_seed7111473167050986645,live_epoch_0041,41,5125,9,q9_subspace_velocity,0.0024272262549057434,,0.4255,0.4255,0.09806675982475281,uniform
uniform_live_quality_seed7111473167050986645,live_epoch_0042,42,5250,9,q9_subspace_velocity,0.0027342905214655187,,0.44,0.44,0.09902878022193909,uniform
uniform_live_quality_seed7111473167050986645,live_epoch_0043,43,5375,9,q9_subspace_velocity,0.0013797910271271141,,0.459,0.459,0.09427746748924255,uniform
uniform_live_quality_seed7111473167050986645,live_epoch_0044,44,5500,9,q9_subspace_velocity,0.0011102021944869446,,0.44,0.44,0.09379401409626006,uniform
uniform_live_quality_seed7111473167050986645,live_epoch_0045,45,5625,9,q9_subspace_velocity,0.0011683953096093553,,0.444,0.444,0.09166138148307801,uniform
uniform_live_quality_seed7111473167050986645,live_epoch_0046,46,5750,9,q9_subspace_velocity,0.0014928366351199996,,0.435,0.43500000000000005,0.09129389607906342,uniform
uniform_live_quality_seed7111473167050986645,live_epoch_0047,47,5875,9,q9_subspace_velocity,0.001205483622233,,0.4405,0.4405,0.09181567740440369,uniform
uniform_live_quality_seed7111473167050986645,live_epoch_0048,48,6000,9,q9_subspace_velocity,0.0027215230818568277,,0.424,0.424,0.09308186984062194,uniform
uniform_live_quality_seed7111473167050986645,live_epoch_0049,49,6125,9,q9_subspace_velocity,0.0013705529626307628,,0.433,0.433,0.09291269564628601,uniform
uniform_live_quality_seed7111473167050986645,live_epoch_0050,50,6250,9,q9_subspace_velocity,0.000962607287159292,,0.4425,0.4425,0.09371004223823548,uniform
uniform_live_quality_seed7111473167050986645,live_epoch_0051,51,6375,9,q9_subspace_velocity,0.0009075889962939976,,0.428,0.42800000000000005,0.09500530290603637,uniform
uniform_live_quality_seed7111473167050986645,live_epoch_0052,52,6500,9,q9_subspace_velocity,0.0008917876684519787,,0.427,0.42699999999999994,0.09625404715538025,uniform
uniform_live_quality_seed7111473167050986645,live_epoch_0053,53,6625,9,q9_subspace_velocity,0.0008937949599402839,,0.4405,0.4405,0.09607635998725891,uniform
uniform_live_quality_seed7111473167050986645,live_epoch_0054,54,6750,9,q9_subspace_velocity,0.001278508133447401,,0.4445,0.4445,0.09568634295463561,uniform
uniform_live_quality_seed7111473167050986645,live_epoch_0055,55,6875,9,q9_subspace_velocity,0.0006320288625985643,,0.439,0.43899999999999995,0.10051087927818299,uniform
uniform_live_quality_seed7111473167050986645,live_epoch_0056,56,7000,9,q9_subspace_velocity,0.0011072760502764466,,0.433,0.43299999999999994,0.10100525164604188,uniform
uniform_live_quality_seed7111473167050986645,live_epoch_0057,57,7125,9,q9_subspace_velocity,0.0010510493709906094,,0.4285,0.4285,0.1013157913684845,uniform
uniform_live_quality_seed7111473167050986645,live_epoch_0058,58,7250,9,q9_subspace_velocity,0.0010688702791082974,,0.443,0.44299999999999995,0.10295857286453247,uniform
uniform_live_quality_seed7111473167050986645,live_epoch_0059,59,7375,9,q9_subspace_velocity,0.0009125467164203273,,0.4495,0.4495,0.10294777154922485,uniform
uniform_live_quality_seed7111473167050986645,live_epoch_0060,60,7500,9,q9_subspace_velocity,0.0007484737333807558,,0.469,0.469,0.10535053825378418,uniform
uniform_live_quality_seed7111473167050986645,live_epoch_0061,61,7625,9,q9_subspace_velocity,0.0008167013785656061,,0.4775,0.47750000000000004,0.10395824193954467,uniform
uniform_live_quality_seed7111473167050986645,live_epoch_0062,62,7750,9,q9_subspace_velocity,0.0013736527564126876,,0.5045,0.5045000000000001,0.10320230007171631,uniform
uniform_live_quality_seed7111473167050986645,live_epoch_0063,63,7875,9,q9_subspace_velocity,0.0012061176656643108,,0.4955,0.49550000000000005,0.10549554944038392,uniform
uniform_live_quality_seed7111473167050986645,live_epoch_0064,64,8000,9,q9_subspace_velocity,0.0011051501850502694,,0.5045,0.5045,0.10387999415397645,uniform
uniform_live_quality_seed7111473167050986645,live_epoch_0065,65,8125,9,q9_subspace_velocity,0.0007601879180886726,,0.503,0.503,0.10445783424377442,uniform
uniform_live_quality_seed7111473167050986645,live_epoch_0066,66,8250,9,q9_subspace_velocity,0.0006805990588708948,,0.5095,0.5095000000000001,0.10450446462631226,uniform
uniform_live_quality_seed7111473167050986645,live_epoch_0067,67,8375,9,q9_subspace_velocity,0.001601450836930409,,0.5165,0.5165,0.10628911423683167,uniform
uniform_live_quality_seed7111473167050986645,live_epoch_0068,68,8500,9,q9_subspace_velocity,0.0008214937467902236,,0.509,0.509,0.10491162157058716,uniform
uniform_live_quality_seed7111473167050986645,live_epoch_0069,69,8625,9,q9_subspace_velocity,0.0008988097579248243,,0.5165,0.5165,0.10478554248809814,uniform
uniform_live_quality_seed7111473167050986645,live_epoch_0070,70,8750,9,q9_subspace_velocity,0.0009416327414097383,,0.526,0.526,0.10515108442306519,uniform
uniform_live_quality_seed7111473167050986645,live_epoch_0071,71,8875,9,q9_subspace_velocity,0.0009182823505875939,,0.532,0.532,0.10542909002304077,uniform
uniform_live_quality_seed7111473167050986645,live_epoch_0072,72,9000,9,q9_subspace_velocity,0.002461744138269849,,0.547,0.5469999999999999,0.10938835644721985,uniform
uniform_live_quality_seed7111473167050986645,live_epoch_0073,73,9125,9,q9_subspace_velocity,0.002878004961082049,,0.53,0.53,0.10520164799690247,uniform
uniform_live_quality_seed7111473167050986645,live_epoch_0074,74,9250,9,q9_subspace_velocity,0.002064085936253351,,0.541,0.5409999999999999,0.1059716911315918,uniform
uniform_live_quality_seed7111473167050986645,live_epoch_0075,75,9375,9,q9_subspace_velocity,0.0006545529601215736,,0.5585,0.5585,0.10875931549072265,uniform
uniform_live_quality_seed7111473167050986645,live_epoch_0076,76,9500,9,q9_subspace_velocity,0.0005780197204331154,,0.5575,0.5575,0.10576828289031982,uniform
uniform_live_quality_seed7111473167050986645,live_epoch_0077,77,9625,9,q9_subspace_velocity,0.0005040229935239212,,0.5525,0.5525,0.10509442782402038,uniform
uniform_live_quality_seed7111473167050986645,live_epoch_0078,78,9750,9,q9_subspace_velocity,0.0006285480238521003,,0.5555,0.5555,0.10417660427093506,uniform
uniform_live_quality_seed7111473167050986645,live_epoch_0079,79,9875,9,q9_subspace_velocity,0.0005591014109624435,,0.558,0.558,0.10485398697853088,uniform
uniform_live_quality_seed7111473167050986645,live_epoch_0080,80,10000,9,q9_subspace_velocity,0.0005051729874193826,,0.5555,0.5555,0.10604727077484132,uniform
uniform_live_quality_seed7111473167050986645,live_epoch_0081,81,10125,9,q9_subspace_velocity,0.0005234827474028798,,0.562,0.562,0.10598238253593445,uniform
uniform_live_quality_seed7111473167050986645,live_epoch_0082,82,10250,9,q9_subspace_velocity,0.0005671386866055657,,0.551,0.5509999999999999,0.10721569752693176,uniform
uniform_live_quality_seed7111473167050986645,live_epoch_0083,83,10375,9,q9_subspace_velocity,0.00042968626183602886,,0.5525,0.5525,0.10503653478622436,uniform
uniform_live_quality_seed7111473167050986645,live_epoch_0084,84,10500,9,q9_subspace_velocity,0.0003821802073773884,,0.5535,0.5535,0.10542078185081481,uniform
uniform_live_quality_seed7111473167050986645,live_epoch_0085,85,10625,9,q9_subspace_velocity,0.000683492198999235,,0.573,0.573,0.10830363798141479,uniform
uniform_live_quality_seed7111473167050986645,live_epoch_0086,86,10750,9,q9_subspace_velocity,0.000568431139221122,,0.5655,0.5655000000000001,0.10777672719955445,uniform
uniform_live_quality_seed7111473167050986645,live_epoch_0087,87,10875,9,q9_subspace_velocity,0.0004871644336652922,,0.561,0.561,0.10287943577766419,uniform
uniform_live_quality_seed7111473167050986645,live_epoch_0088,88,11000,9,q9_subspace_velocity,0.0006386991742816765,,0.5735,0.5735,0.10605844211578369,uniform
uniform_live_quality_seed7111473167050986645,live_epoch_0089,89,11125,9,q9_subspace_velocity,0.0004624238626809485,,0.566,0.566,0.1059640610218048,uniform
uniform_live_quality_seed7111473167050986645,live_epoch_0090,90,11250,9,q9_subspace_velocity,0.0004588953570450776,,0.5845,0.5845,0.10424339008331299,uniform
uniform_live_quality_seed7111473167050986645,live_epoch_0091,91,11375,9,q9_subspace_velocity,0.000381095567630603,,0.579,0.579,0.10716842889785766,uniform
uniform_live_quality_seed7111473167050986645,live_epoch_0092,92,11500,9,q9_subspace_velocity,0.000497912542635794,,0.5925,0.5925,0.10801207733154297,uniform
uniform_live_quality_seed7111473167050986645,live_epoch_0093,93,11625,9,q9_subspace_velocity,0.0005567140791715622,,0.564,0.5640000000000001,0.1052492790222168,uniform
uniform_live_quality_seed7111473167050986645,live_epoch_0094,94,11750,9,q9_subspace_velocity,0.0005087990438645275,,0.59,0.59,0.10582787275314331,uniform
uniform_live_quality_seed7111473167050986645,live_epoch_0095,95,11875,9,q9_subspace_velocity,0.0004617780298510394,,0.5915,0.5915,0.10494300127029418,uniform
uniform_live_quality_seed7111473167050986645,live_epoch_0096,96,12000,9,q9_subspace_velocity,0.000641783713093571,,0.604,0.604,0.10446972298622131,uniform
uniform_live_quality_seed7111473167050986645,live_epoch_0097,97,12125,9,q9_subspace_velocity,0.00046371019384541134,,0.608,0.608,0.10413691973686218,uniform
uniform_live_quality_seed7111473167050986645,live_epoch_0098,98,12250,9,q9_subspace_velocity,0.0005939052252973904,,0.615,0.615,0.10516011047363281,uniform
uniform_live_quality_seed7111473167050986645,live_epoch_0099,99,12375,9,q9_subspace_velocity,0.00040763133090333787,,0.613,0.613,0.10320265579223632,uniform
uniform_live_quality_seed7111473167050986645,live_epoch_0100,100,12500,9,q9_subspace_velocity,0.000598266852406043,,0.6235,0.6234999999999999,0.10917238426208496,uniform
